family_dex,debut,pid,group,tag,order,suffix,style,src
1,2018-03-25,pm1,Bulbasaur,,,,,
1,2018-03-25,pm2,Bulbasaur,,,,,
1,2018-03-25,pm3,Bulbasaur,,,,,
1,2018-03-25,pm3.fMEGA,Bulbasaur,,,(M),,
1,2019-10-17,pm1.fFALL_2019,Bulbasaur_c19,costume,,"Shedinja
costume",,
1,2020-02-25,pm1.cJAN_2020_NOEVOLVE,Bulbasaur_c20_1,costume,,"Party
Hat",,
1,2020-07-25,pm1.cSPRING_2020_NOEVOLVE,Bulbasaur_c20_2,costume,,"Pikachu
Visor",,
1,2024-10-26,pm3.fGIGANTAMAX,Bulbasaur,,,(GM),,
1,2025-07-01,pm2.cJAN_2020_NOEVOLVE,Bulbasaur_c20_1,costume,,"Party
Hat",,
1,2025-07-01,pm3.cJAN_2020_NOEVOLVE,Bulbasaur_c20_1,costume,,"Party
Hat",,
4,2018-05-19,pm4,Charmander,,,,,
4,2018-05-19,pm5,Charmander,,,,,
4,2018-05-19,pm6,Charmander,,,,--t: -5%,
4,2018-05-19,pm6.fMEGA_X,Charmander,,,(M-X),--t: -0%,
4,2018-05-19,pm6.fMEGA_Y,Charmander,,,(M-Y),--t: -0%,
4,2019-10-17,pm4.fFALL_2019,Charmander_c19,costume,,"Cubone
costume",,
4,2020-02-25,pm4.cJAN_2020_NOEVOLVE,Charmander_c20_1,costume,,"Party
Hat",,
4,2020-07-25,pm4.cSPRING_2020_NOEVOLVE,Charmander_c20_2,costume,,"Pikachu
Visor",,
4,2022-07-06,pm5.cJAN_2020_NOEVOLVE,Charmander_c20_1,costume,,"Party
Hat",,
4,2022-07-06,pm6.cJAN_2020_NOEVOLVE,Charmander_c20_1,costume,,"Party
Hat",--t: -5%,
4,2024-10-26,pm6.fGIGANTAMAX,Charmander,,,(GM),--w: 115%; --t: -10%,
7,2018-07-08,pm7,Squirtle,,,,,
7,2018-07-08,pm8,Squirtle,,,,,
7,2018-07-08,pm9,Squirtle,,,,,
7,2018-07-08,pm9.fMEGA,Squirtle,,,(M),,
7,2018-07-08,pm7.cSUMMER_2018,Squirtle_c18,costume,,Sunglasses,,
7,2018-07-08,pm8.cSUMMER_2018,Squirtle_c18,costume,,Sunglasses,,
7,2018-07-08,pm9.cSUMMER_2018,Squirtle_c18,costume,,Sunglasses,,
7,2019-10-17,pm7.fFALL_2019,Squirtle_c19,costume,,"Yamask
costume",,
7,2020-02-25,pm7.cJAN_2020_NOEVOLVE,Squirtle_c20_1,costume,,"Party
Hat",,
7,2020-07-25,pm7.cSPRING_2020_NOEVOLVE,Squirtle_c20_2,costume,,"Pikachu
Visor",,
7,2023-07-03,pm8.cJAN_2020_NOEVOLVE,Squirtle_c20_1,costume,,"Party
Hat",,
7,2023-07-03,pm9.cJAN_2020_NOEVOLVE,Squirtle_c20_1,costume,,"Party
Hat",,
7,2024-10-26,pm9.fGIGANTAMAX,Squirtle,,,(GM),--w: 115%; --l: 0%; --t: -15%,
10,2018-11-01,pm10,Caterpie,,,,,
10,2018-11-01,pm11,Caterpie,,,,,
10,2018-11-01,pm12,Caterpie,,,,--l: -15%; --t: -5%,
10,2021-09-21,pm12.cFASHION_2021_NOEVOLVE,Caterpie_c21,costume,,Fashionable,--l: -15%; --t: -5%,
10,2025-08-03,pm12.fGIGANTAMAX,Caterpie,,,(GM),--w: 115%; --t: -5%,
13,2020-06-19,pm13,Weedle,,,,,
13,2020-06-19,pm14,Weedle,,,,,
13,2020-06-19,pm15,Weedle,,,,--l: -15%; --t: -5%,
13,2020-06-19,pm15.fMEGA,Weedle,,,(M),--l: -15%; --t: -10%,
16,2019-02-26,pm16,Pidgey,,,,,
16,2019-02-26,pm17,Pidgey,,,,--t: -5%,
16,2019-02-26,pm18,Pidgey,,,,--t: -5%,
16,2019-02-26,pm18.fMEGA,Pidgey,,,(M),--t: -5%,
19,2019-02-26,pm19,Rattata,,,,,
19,2019-02-26,pm20,Rattata,,,,,
19,2019-02-26,pm20.cJAN_2020_NOEVOLVE,Rattata_c20,costume,,"Party
Hat",,
19,2019-06-28,pm19.fALOLA,Rattata_A,,,(A),,
19,2019-06-28,pm20.fALOLA,Rattata_A,,,(A),,
21,2021-02-20,pm21,Spearow,,,,,
21,2021-02-20,pm22,Spearow,,,,,
23,2019-07-25,pm23,Ekans,,,,,
23,2019-07-25,pm24,Ekans,,,,,
25,2016-12-25,pm25.cHOLIDAY_2016,Pikachu_20161225,costume,,"Holiday
Hat",,
25,2016-12-25,pm26.cHOLIDAY_2016,Pikachu_20161225,costume,,"Holiday
Hat",,
25,2016-12-25,pm172.cHOLIDAY_2016,Pikachu_20161225,baby=costume,-1,"Holiday
Hat",,
25,2017-02-26,pm25.cANNIVERSARY,Pikachu_20170226,costume,,Party Hat,,
25,2017-02-26,pm26.cANNIVERSARY,Pikachu_20170226,costume,,Party Hat,,
25,2017-02-26,pm172.cANNIVERSARY,Pikachu_20170226,baby=costume,-1,Party Hat,,
25,2017-06-06,pm25.cONE_YEAR_ANNIVERSARY,Pikachu_20170606,costume,,"Original
Cap",,
25,2017-06-06,pm172.cONE_YEAR_ANNIVERSARY,Pikachu_20170606,baby=costume,-1,"Original
Cap",,
25,2017-08-09,pm25,Pikachu_20170815,,,,,
25,2017-08-09,pm26,Pikachu_20170815,,,,,
25,2017-08-09,pm172,Pikachu_20170815,baby,-1,,,
25,2017-10-20,pm25.cHALLOWEEN_2017,Pikachu_20171020,costume,,"Halloween
Hat",,
25,2017-10-20,pm26.cHALLOWEEN_2017,Pikachu_20171020,costume,,"Halloween
Hat",,
25,2017-10-20,pm172.cHALLOWEEN_2017,Pikachu_20171020,baby=costume,-1,"Halloween
Hat",,
25,2018-07-05,pm25.cSUMMER_2018,Pikachu_20180705,costume,,"Summer
Style",,
25,2018-07-05,pm26.cSUMMER_2018,Pikachu_20180705,costume,,"Summer
Style",,
25,2018-07-05,pm172.cSUMMER_2018,Pikachu_20180705,baby=costume,-1,"Summer
Style",,
25,2018-10-05,pm25.cFALL_2018,Pikachu_20181005,costume,,HF Custom Cap,,
25,2018-10-05,pm26.cFALL_2018,Pikachu_20181005,costume,,HF Custom Cap,,
25,2018-11-23,pm26.fALOLA,Pikachu_20181123,,,(A),--t: -10%,
25,2019-02-26,pm25.cNOVEMBER_2018,Pikachu_20190226,costume,,"Flower
Crown",,
25,2019-02-26,pm26.cNOVEMBER_2018,Pikachu_20190226,costume,,"Flower
Crown",,
25,2019-02-26,pm172.cNOVEMBER_2018,Pikachu_20190226,baby=costume,-1,"Flower
Crown",,
25,2019-05-07,pm25.cFEB_2019,Pikachu_20190507,costume,,"♂
Detective",,
25,2019-06-06,pm26.cONE_YEAR_ANNIVERSARY,Pikachu_20170606,costume,,"Original
Cap",,
25,2019-07-22,pm25.cMAY_2019_NOEVOLVE,Pikachu_20190722,costume,,Straw Hat,,
25,2019-10-17,pm25.fFALL_2019,Pikachu_20191017,costume,,"Mimikyu
Costume",,
25,2019-12-24,pm25.cWINTER_2018,Pikachu_20191224,costume,,Beanie Hat,,
25,2019-12-24,pm26.cWINTER_2018,Pikachu_20191224,costume,,Beanie Hat,,
25,2019-12-24,pm172.cWINTER_2018,Pikachu_20191224,baby=costume,-1,Beanie Hat,,
25,2020-02-25,pm25.cJAN_2020_NOEVOLVE,Pikachu_20200225,costume,,"Spotted
Party Hat",,
25,2020-03-27,pm25.cSAFARI_2020_NOEVOLVE,Pikachu_20200327,costume,,Safari Hat,,
25,2020-04-09,pm25.cAPRIL_2020_NOEVOLVE,Pikachu_20200409,costume,,Flower Hat,,
25,2020-05-01,pm25.cKANTO_2020_NOEVOLVE,Pikachu_20200501,costume,,Charizard Hat,,
25,2020-05-08,pm25.cJOHTO_2020_NOEVOLVE,Pikachu_20200508,costume,,Umbreon Hat,,
25,2020-05-15,pm25.cHOENN_2020_NOEVOLVE,Pikachu_20200515,costume,,Rayquaza Hat,,
25,2020-05-22,pm25.cSINNOH_2020_NOEVOLVE,Pikachu_20200522a,costume,,Lucario Hat,,
25,2020-05-22,pm25.fCOSTUME_2020,Pikachu_20200522b,costume,,"4ᵗʰ Anniversary
Balloons",,
25,2020-10-06,pm25.cCOSTUME_1,Pikachu_20201006,costume,,World Cap,,
25,2020-10-06,pm26.cCOSTUME_1,Pikachu_20201006,costume,,World Cap,,
25,2020-12-14,pm25.fADVENTURE_HAT_2020,Pikachu_20201214,costume,,Adventure Hat,,
25,2020-12-22,pm25.fWINTER_2020,Pikachu_20201222,costume,,"Holiday
Costume",,
25,2020-12-29,pm25.fVS_2019,Pikachu_20201229a,costume,,Libre,,
25,2020-12-29,pm25.cCOSTUME_2,Pikachu_20201229b,costume,,New Year's Hat,,
25,2020-12-29,pm26.cCOSTUME_2,Pikachu_20201229b,costume,,New Year's Hat,,
25,2020-12-29,pm172.cCOSTUME_2,Pikachu_20201229b,baby=costume,-1,New Year's Hat,,
25,2021-07-06,pm25.fFLYING_5TH_ANNIV,Pikachu_20210706,costume,,"5ᵗʰ Anniversary
Balloon",,
25,2021-07-17,pm25.cGOFEST_2021_NOEVOLVE,Pikachu_20210717,costume,,Meloetta Hat,,
25,2021-10-15,pm25.cHALLOWEEN_2021_NOEVOLVE,Pikachu_20211015,costume,,"Halloween
Mischief",,
25,2022-03-19,pm25.fKARIYUSHI,Pikachu_20220319,costume,,"Kariyushi
Shirt",,
25,2022-05-03,pm25.fFLYING_OKINAWA,Pikachu_20220503,costume,,"Red &
Orange
Balloons",,
25,2022-06-04,pm25.cGOFEST_2022_NOEVOLVE,Pikachu_20220604,costume,,Gracidea Flower,,
25,2022-06-16,pm25.cTCG_2022_NOEVOLVE,Pikachu_20220616,costume,,TCG Hat,,
25,2022-07-06,pm25.cANNIVERSARY_2022_NOEVOLVE,Pikachu_20220706,costume,,Cake Costume,,
25,2022-08-27,pm25.fGOFEST_2022,Pikachu_20220827a,costume,,Shaymin Scarf,,
25,2022-08-27,pm25.fWCS_2022,Pikachu_20220827b,costume,,WC 2022,,
25,2022-10-20,pm25.fFLYING_01,Pikachu_20221020b,costume,,"Green
Balloons",,
25,2022-10-20,pm25.fTSHIRT_01,Pikachu_20221020a,costume,,"Green T-Shirt
(Berry)",,
25,2022-11-24,pm25.fFLYING_02,Pikachu_20221124b,costume,,"Purple
Balloons",,
25,2022-11-24,pm25.fTSHIRT_02,Pikachu_20221124a,costume,,"Purple T-Shirt
(Flower)",,
25,2022-12-31,pm25.cJAN_2023_NOEVOLVE,Pikachu_20221231a,costume,,Party Top Hat,,
25,2022-12-31,pm25.cGOTOUR_2023_HAT,Pikachu_20221231b,costume,,Brendan's Hat,,
25,2022-12-31,pm25.cGOTOUR_2023_BANDANA,Pikachu_20221231b,costume,,May's Bow,,
25,2023-04-04,pm25.cSPRING_2023,Pikachu_20230404,costume,,Cherry Blossom,,
25,2023-04-04,pm26.cSPRING_2023,Pikachu_20230404,costume,,Cherry Blossom,,
25,2023-04-04,pm172.cSPRING_2023,Pikachu_20230404,baby=costume,-1,Cherry Blossom,,
25,2023-07-28,pm25.fJEJU,Pikachu_20230728a,costume,,"Blue T-Shirt
(Citrus)",,
25,2023-07-28,pm25.fFLYING_03,Pikachu_20230728b,costume,,"Orange
Balloons",,
25,2023-08-04,pm25.fSUMMER_2023_E,Pikachu_20230804,costume,,"Amethyst
Crown",,
25,2023-08-04,pm25.fSUMMER_2023_A,Pikachu_20230804,costume,,"Malachite
Crown",,
25,2023-08-04,pm25.fSUMMER_2023_B,Pikachu_20230804,costume,,"Aquamarine
Crown",,
25,2023-08-04,pm25.fSUMMER_2023_C,Pikachu_20230804,costume,,"Quartz
Crown",,
25,2023-08-04,pm25.fSUMMER_2023_D,Pikachu_20230804,costume,,"Pyrite
Crown",,
25,2023-08-23,pm25.fWCS_2023,Pikachu_20230823,costume,,WC 2023,,
25,2023-10-05,pm25.cPI,Pikachu_20231005,costume,,Detective,,
25,2023-10-05,pm26.cPI,Pikachu_20231005,costume,,Detective,,
25,2023-10-26,pm25.cFALL_2023_NOEVOLVE,Pikachu_20231026,costume,,Tricks & Treats,,
25,2023-12-18,pm25.cHOLIDAY_2023,Pikachu_20231218,costume,,Holiday Outfit,,
25,2023-12-18,pm26.cHOLIDAY_2023,Pikachu_20231218,costume,,Holiday Outfit,,
25,2024-02-17,pm25.fGOTOUR_2024_A,Pikachu_20240217,costume,,Lucas' Cap,,
25,2024-02-17,pm25.fGOTOUR_2024_A_02,Pikachu_20240217,costume,,Dawn's Hat,,
25,2024-02-17,pm25.fGOTOUR_2024_B,Pikachu_20240217,costume,,Rei's Cap,,
25,2024-02-17,pm25.fGOTOUR_2024_B_02,Pikachu_20240217,costume,,Akari's Kerchief,,
25,2024-03-02,pm25.fFLYING_04,Pikachu_20240302b,costume,,"Black
Balloons",,
25,2024-03-02,pm25.fTSHIRT_03,Pikachu_20240302a,costume,,Batik Shirt,,
25,2024-03-05,pm25.fHORIZONS,Pikachu_20240305,costume,,Captains Hat,,
25,2024-05-30,pm25.fGOFEST_2024_MTIARA,Pikachu_20240530,costume,,Moon Crown,,
25,2024-05-30,pm25.fGOFEST_2024_STIARA,Pikachu_20240530,costume,,Sun Crown,,
25,2024-08-16,pm25.fWCS_2024,Pikachu_20240816,costume,,WC 2024,,
25,2024-11-01,pm25.fDIWALI_2024,Pikachu_20241101,costume,,Saree,,
25,2024-11-16,pm25.fPOP_STAR,Pikachu_20241116,costume,,Pop Star,,
25,2024-11-16,pm25.fROCK_STAR,Pikachu_20241116,costume,,Rock Star,,
25,2025-02-21,pm25.fGOTOUR_2025_A,Pikachu_20250221,costume,,Hilbert's Hat,,
25,2025-02-21,pm25.fGOTOUR_2025_A_02,Pikachu_20250221,costume,,Hilda's Hat,,
25,2025-02-21,pm25.fGOTOUR_2025_B,Pikachu_20250221,costume,,Nate's Visor,,
25,2025-02-21,pm25.fGOTOUR_2025_B_02,Pikachu_20250221,costume,,Rosa's Visor,,
25,2025-03-13,pm25.fKURTA,Pikachu_20250313,costume,,Kurta,,
25,2025-05-29,pm25.fGOFEST_2025_MONOCLE_RED,Pikachu_20250529,costume,,Red Formal,,
25,2025-05-29,pm25.fGOFEST_2025_MONOCLE_YELLOW,Pikachu_20250529,costume,,Yellow Formal,,
25,2025-05-29,pm25.fGOFEST_2025_MONOCLE_BLUE,Pikachu_20250529,costume,,Blue Formal,,
25,2025-06-28,pm25.fGOFEST_2025_GOGGLES_RED,Pikachu_20250529,costume,,Red Dapper,,
25,2025-06-28,pm25.fGOFEST_2025_GOGGLES_YELLOW,Pikachu_20250529,costume,,Yellow Dapper,,
25,2025-06-28,pm25.fGOFEST_2025_GOGGLES_BLUE,Pikachu_20250529,costume,,Blue Dapper,,
25,2025-08-04,pm25.cINDONESIA_2025_NOEVOLVE,Pikachu_20250804,costume,,Indonesia Jersey,,
25,2025-08-15,pm25.fWCS_2025,Pikachu_20250815,costume,,Varsity Jacket,,
25,2026-02-23,pm25.fGOTOUR_2026_A_02,Pikachu_20260223,costume,,Leaf's Hat,,
25,2026-02-23,pm25.fGOTOUR_2026_A,Pikachu_20260223,costume,,Red's Hat,,
25,2026-02-24,pm25.fGOTOUR_2026_B,Pikachu_20260223,costume,,Ethan's Hat,,
25,2026-02-24,pm25.fGOTOUR_2026_B_02,Pikachu_20260223,costume,,Lyra's Hat,,
25,2026-02-28,pm25.fGOTOUR_2026_C,Pikachu_20260223,costume,,Calem's Hat,,
25,2026-02-28,pm25.fGOTOUR_2026_C_02,Pikachu_20260223,costume,,Serena's Hat,,
25,2026-03-28,pm25.fGIGANTAMAX,Pikachu_20170815,,,(GM),--w: 115%; --t: -10%,
25,2026-04-03,pm25.fBB_2026,Pikachu_20260403,costume,,Baseball Jersey,,
25,2026-05-12,pm25.fVISOR_2026,Pikachu_20260512,costume,,Marathon Visor,,
27,2018-12-06,pm27,Sandshrew,,,,,
27,2018-12-06,pm28,Sandshrew,,,,,
27,2019-06-28,pm27.fALOLA,Sandshrew_A,,,(A),,
27,2019-06-28,pm28.fALOLA,Sandshrew_A,,,(A),,
29,2018-10-11,pm29,Nidoran_Female,,,,,
29,2018-10-11,pm30,Nidoran_Female,,,,,
29,2018-10-11,pm31,Nidoran_Female,,,,--w: 115%; --t: -10%,
29,2019-07-04,pm32,Nidoran_Male,,,,,
29,2019-07-04,pm33,Nidoran_Male,,,,,
29,2019-07-04,pm34,Nidoran_Male,,,,--w: 115%; --t: -10%,
29,2020-03-01,pm33.cJAN_2020_NOEVOLVE,Nidoran_Male_c20,costume,,Party Hat,,
31,2025-05-10,pm31.cROYAL_NOEVOLVE,Nido_royal,costume,,Crown,--w: 115%; --t: -10%,
31,2025-05-10,pm34.cROYAL_NOEVOLVE,Nido_royal,costume,,Crown,--w: 115%; --t: -10%,
35,2019-02-13,pm35,Clefairy,,,,,
35,2019-02-13,pm36,Clefairy,,,,,
35,2019-02-13,pm173,Clefairy,baby,-1,,,
37,2019-06-28,pm37.fALOLA,Vulpix_A,,,(A),,
37,2019-06-28,pm38.fALOLA,Vulpix_A,,,(A),,
37,2020-10-09,pm37,Vulpix,,,,,
37,2020-10-09,pm38,Vulpix,,,,,
37,2022-10-27,pm37.cFALL_2022,Vulpix_c22,costume,,"Spooky
Festival",,
37,2022-10-27,pm38.cFALL_2022,Vulpix_c22,costume,,"Spooky
Festival",,
39,2019-04-16,pm39,Jigglypuff,,,,,
39,2019-04-16,pm40,Jigglypuff,,,,,
39,2019-04-16,pm174,Jigglypuff,baby,-1,,,
39,2024-01-01,pm39.cJAN_2024,Jigglypuff_c24,costume,,Ribbon,,
39,2024-01-01,pm40.cJAN_2024,Jigglypuff_c24,costume,,Ribbon,,
41,2019-07-25,pm41,Zubat,,,,--t: -10%,
41,2019-07-25,pm42,Zubat,,,,--t: -10%,
41,2019-07-25,pm169,Zubat,,,,--t: -10%,
43,2019-10-03,pm43,Oddish,,,,,
43,2019-10-03,pm44,Oddish,,,,,
43,2019-10-03,pm45,Oddish,,,,,
43,2019-10-03,pm182,Oddish,,,,,
46,2021-02-20,pm46,Paras,,,,,
46,2021-02-20,pm47,Paras,,,,,
48,2020-05-01,pm48,Venonat,,,,,
48,2020-05-01,pm49,Venonat,,,,--t: -10%,
50,2019-04-29,pm50,Diglett,,,,,
50,2019-04-29,pm51,Diglett,,,,,
50,2019-06-28,pm50.fALOLA,Diglett_A,,,(A),,
50,2019-06-28,pm51.fALOLA,Diglett_A,,,(A),,
50,2022-09-27,pm50.cFALL_2022,Diglett_c22,costume,,Fashionable,,
50,2022-09-27,pm51.cFALL_2022,Diglett_c22,costume,,Fashionable,,
52,2019-06-28,pm52.fALOLA,Meowth_A,,,(A),,
52,2019-06-28,pm53.fALOLA,Meowth_A,,,(A),,
52,2019-11-07,pm52,Meowth,,,,,
52,2019-11-07,pm53,Meowth,,,,,
52,2021-08-20,pm52.fGALARIAN,Meowth_G,,,(G),,
52,2021-08-20,pm863,Meowth_G,,,(G),,
52,2026-02-15,pm52.fGIGANTAMAX,Meowth,,,(GM),--w: 100%; --l: 20%; --t: 0%,
54,2019-01-25,pm54,Psyduck,,,,,
54,2019-01-25,pm55,Psyduck,,,,,
54,2023-12-18,pm54.cHOLIDAY_2023,Psyduck_2,costume,,"Holiday
Attire",,
54,2023-12-18,pm55.cHOLIDAY_2023,Psyduck_2,costume,,"Holiday
Attire",,
54,2025-09-09,pm54.fSWIM_2025,Psyduck_swim,costume,,Swim Ring,,
56,2019-03-05,pm56,Mankey,,,,,
56,2019-03-05,pm57,Mankey,,,,,
56,2024-01-19,pm979,Mankey,,,,,
58,2018-09-01,pm58,Growlithe,,,,,
58,2018-09-01,pm59,Growlithe,,,,,
58,2023-09-27,pm58.fHISUIAN,Growlithe_2,,,(H),,
58,2023-09-27,pm59.fHISUIAN,Growlithe_2,,,(H),,
60,2019-08-06,pm60,Poliwag,,,,,
60,2019-08-06,pm61,Poliwag,,,,,
60,2019-08-06,pm62,Poliwag,,,,,
60,2019-08-06,pm186,Poliwag,,,,,
63,2020-04-25,pm63,Abra,,,,,
63,2020-04-25,pm64,Abra,,,,,
63,2020-04-25,pm65,Abra,,,,,
63,2022-09-06,pm65.fMEGA,Abra,,,(M),,
66,2019-03-05,pm66,Machop,,,,,
66,2019-03-05,pm67,Machop,,,,,
66,2019-03-05,pm68,Machop,,,,,
66,2025-05-25,pm68.fGIGANTAMAX,Machop,,,(GM),--w: 115%; --t: -5%,
69,2020-07-16,pm69,Bellsprout,,,,,
69,2020-07-16,pm70,Bellsprout,,,,--t: -10%,
69,2020-07-16,pm71,Bellsprout,,,,--t: -10%,
69,2026-02-28,pm71.fMEGA,Bellsprout,,,(M),,
72,2019-11-19,pm72,Tentacool,,,,--t: -5%,
72,2019-11-19,pm73,Tentacool,,,,--t: -5%,
74,2018-09-13,pm74,Geodude,,,,--t: -5%,
74,2018-09-13,pm75,Geodude,,,,,
74,2018-09-13,pm76,Geodude,,,,,
74,2019-06-28,pm74.fALOLA,Geodude_A,,,(A),--t: -10%,
74,2019-06-28,pm75.fALOLA,Geodude_A,,,(A),,
74,2019-06-28,pm76.fALOLA,Geodude_A,,,(A),,
77,2018-11-05,pm77,Ponyta,,,,,
77,2018-11-05,pm78,Ponyta,,,,,
77,2021-05-11,pm77.fGALARIAN,Ponyta_G,,,(G),,
77,2021-05-11,pm78.fGALARIAN,Ponyta_G,,,(G),,
77,2021-07-17,pm77.fGALARIAN.cGOFEST_2021_NOEVOLVE,Ponyta_G_c21,costume,,"(G)
Meloetta
Hat",,
77,2023-05-11,pm77.cSPRING_2023_VALOR,Ponyta_c23,costume,,"Candela
accessory",,
77,2023-05-11,pm78.cSPRING_2023_VALOR,Ponyta_c23,costume,,"Candela
accessory",,
79,2020-11-16,pm79,Slowpoke,,,,,
79,2020-11-16,pm80,Slowpoke,,,,,
79,2020-11-16,pm199,Slowpoke,,,,,
79,2020-11-30,pm79.f2020,Slowpoke_glasses,costume,,New Year,,
79,2020-11-30,pm80.f2021,Slowpoke_glasses,costume,,New Year,,
79,2021-06-08,pm80.fMEGA,Slowpoke,,,(M),,
79,2022-01-01,pm199.f2022,Slowpoke_glasses,costume,,New Year,,
79,2023-03-18,pm79.fGALARIAN,Slowpoke_G,,,(G),,
79,2023-03-18,pm80.fGALARIAN,Slowpoke_G,,,(G),,
79,2023-03-18,pm199.fGALARIAN,Slowpoke_G,,,(G),,
79,2023-10-05,pm79.cPI_NOEVOLVE,Slowpoke_c23,costume,,w Hat,,
81,2018-11-16,pm81,Magnemite,,,,--t: -10%,
81,2018-11-16,pm82,Magnemite,,,,--t: -15%,
81,2018-11-16,pm462,Magnemite,,,,--t: -5%,
83,2019-09-09,pm83,Farfetchd,,,,,
83,2021-08-20,pm83.fGALARIAN,Farfetchd_G,,,(G),,
83,2021-08-20,pm865,Farfetchd_G,,,(G),,
84,2020-09-21,pm84,Doduo,,,,,
84,2020-09-21,pm85,Doduo,,,,,
86,2019-05-01,pm86,Seel,,,,,
86,2019-05-01,pm87,Seel,,,,--l: -25%; --t: -5%,
88,2018-09-13,pm88,Grimer,,,,,
88,2018-09-13,pm89,Grimer,,,,,
88,2019-06-28,pm88.fALOLA,Grimer_61,,,(A),,
88,2019-06-28,pm89.fALOLA,Grimer_61,,,(A),,
88,2024-06-24,pm88.cANNIVERSARY_2024,Grimer_24,costume,,Party Hat,,
88,2024-06-24,pm89.cANNIVERSARY_2024,Grimer_24,costume,,Party Hat,,
90,2018-06-07,pm90,Shellder,,,,,
90,2018-06-07,pm91,Shellder,,,,--t: 0%,
92,2018-11-03,pm92,Gastly,,,,--t: -10%,
92,2018-11-03,pm93,Gastly,,,,--t: 5%,
92,2018-11-03,pm94,Gastly,,,,,
92,2018-11-03,pm94.fMEGA,Gastly,,,(M),,
92,2020-03-01,pm94.cJAN_2020_NOEVOLVE,Gastly_c20_1,costume,,Party Hat,,
92,2020-10-23,pm94.fCOSTUME_2020,Gastly_c20_2,costume,,Halloween,,
92,2022-10-27,pm94.cFALL_2022_NOEVOLVE,Gastly_c22,costume,,"Spooky
Festival",,
92,2023-10-26,pm94.cFALL_2023_NOEVOLVE,Gastly_c23,costume,,"Tricks &
Treats",,
92,2024-10-31,pm94.fGIGANTAMAX,Gastly,,,(GM),--w: 100%; --t: 0%,
95,2019-06-04,pm95,Onix,,,,--w: 110%; --t: 0%,
95,2019-06-04,pm208,Onix,,,,--w: 110%; --t: 0%,
95,2021-12-01,pm208.fMEGA,Onix,,,(M),--t: -25%,
96,2018-10-05,pm96,Drowzee,,,,,
96,2018-10-05,pm97,Drowzee,,,,,
98,2018-10-01,pm98,Krabby,,,,,
98,2018-10-01,pm99,Krabby,,,,,
98,2025-02-01,pm99.fGIGANTAMAX,Krabby,,,(GM),--w: 115%; --t: -5%,
100,2020-05-08,pm100,Voltorb,,,,,
100,2020-05-08,pm101,Voltorb,,,,,
100,2024-02-17,pm100.fHISUIAN,Voltorb_H,,,(H),,
100,2024-02-17,pm101.fHISUIAN,Voltorb_H,,,(H),,
102,2020-04-09,pm102,Exeggcute,,,,,
102,2020-04-08,pm103,Exeggcute,,,,,
102,2019-06-28,pm103.fALOLA,Exeggcute,,,(A),,
104,2018-11-05,pm104,Cubone,,,,,
104,2018-11-05,pm105,Cubone,,,,,
104,2018-11-05,pm105.fALOLA,Cubone,,,(A),,
104,2023-11-01,pm104.cFALL_2023,Cubone_c23,costume,,"Cempasúchil
Crown",,
104,2023-11-01,pm105.cFALL_2023,Cubone_c23,costume,,"Cempasúchil
Crown",,
106,2021-02-20,pm106,Tyrogue,,,,,
106,2021-02-20,pm107,Tyrogue,,,,,
106,2022-02-26,pm236,Tyrogue,baby,-1,,,
106,2022-02-26,pm237,Tyrogue,,,,,
108,2020-02-15,pm108,Lickitung,,,,,
108,2020-02-15,pm463,Lickitung,,,,,
109,2019-07-25,pm109,Koffing,,,,--t: -10%,
109,2019-07-25,pm110,Koffing,,,,--t: -10%,
109,2021-08-20,pm110.fGALARIAN,Koffing_G,,,(G),--t: -20%,
111,2020-02-22,pm111,Rhyhorn,,,,,
111,2020-02-22,pm112,Rhyhorn,,,,,
111,2020-02-22,pm464,Rhyhorn,,,,,
113,2020-02-13,pm113,Chansey,,,,,
113,2020-02-13,pm242,Chansey,,,,,
113,2020-02-13,pm440,Chansey,baby,-1,,,
113,2021-04-04,pm113.cNOVEMBER_2018,Chansey_c18,costume,,"Flower
Crown",,
113,2021-04-04,pm242.cNOVEMBER_2018,Chansey_c18,costume,,"Flower
Crown",,
113,2021-04-04,pm440.cNOVEMBER_2018,Chansey_c18,baby=costume,-1,"Flower
Crown",,
114,2020-07-24,pm114,Tangela,,,,,
114,2020-07-24,pm465,Tangela,,,,,
115,2019-09-09,pm115,Kangaskhan,,,,,
115,2022-04-29,pm115.fMEGA,Kangaskhan,,,(M),,
116,2019-06-13,pm116,Horsea,,,,,
116,2019-06-13,pm117,Horsea,,,,--t: 0%,
116,2019-06-13,pm230,Horsea,,,,,
118,2020-11-23,pm118,Goldeen,,,,,
118,2020-11-23,pm119,Goldeen,,,,--t: 0%,
120,2020-08-07,pm120,Staryu,,,,,
120,2020-08-07,pm121,Staryu,,,,,
122,2019-09-09,pm122,Mr_Mime,,,,,
122,2019-09-26,pm439,Mr_Mime,baby,-1,,,
122,2022-12-01,pm122.fGALARIAN,Mr_Mime_G,,,(G),,
122,2022-12-01,pm866,Mr_Mime_G,,,,,
123,2019-04-02,pm123,Scyther,,,,,
123,2019-04-02,pm212,Scyther,,,,,
123,2022-08-10,pm212.fMEGA,Scyther,,,(M),,
124,2019-02-13,pm124,Jynx,,,,,
124,2019-02-13,pm238,Jynx,baby,-1,,,
124,2020-10-02,pm238.cFALL_2020_NOEVOLVE,Smoochum,baby=costume,,w Bow,,
125,2018-11-15,pm125,Electabuzz,,,,,
125,2018-11-15,pm239,Electabuzz,baby,-1,,,
125,2018-11-15,pm466,Electabuzz,,,,,
125,2023-05-02,pm125.cSPRING_2023_INSTINCT,Electabuzz_c23,costume,,"Spark
accessory",,
125,2023-05-02,pm239.cSPRING_2023_INSTINCT,Electabuzz_c23,baby=costume,-1,"Spark
accessory",,
125,2023-05-02,pm466.cSPRING_2023_INSTINCT,Electabuzz_c23,costume,,"Spark
accessory",,
126,2018-03-22,pm126,Magmar,,,,,
126,2018-03-22,pm240,Magmar,baby,-1,,,
126,2018-03-22,pm467,Magmar,,,,,
127,2018-11-01,pm127,Pinsir,,,,,
127,2023-05-11,pm127.fMEGA,Pinsir,,,(M),--t: -10%,
128,2019-09-09,pm128,Tauros,,,,,
129,2017-03-22,pm129,Magikarp,,,,,
129,2017-03-22,pm130,Magikarp,,,,--w: 120%; --t: 5%,
129,2017-03-22,pm130.fMEGA,Magikarp,,,(M),--t: -10%,
131,2019-04-18,pm131,Lapras,,,,--w: 120%; --l: 0%; --t: -10%,
131,2022-05-12,pm131.fCOSTUME_2020,Lapras,costume,,w scarf,--w: 120%; --l: 0%; --t: -10%,
131,2023-04-13,pm131.cSPRING_2023_MYSTIC,Lapras,costume,,"Blanche
accessory",--w: 120%; --l: 0%; --t: -10%,
131,2024-12-08,pm131.fGIGANTAMAX,Lapras,,,(GM),,
132,2021-02-20,pm132,Ditto,,,,,
132,2026-03-10,pm132.fSPRING_2026_A,Ditto_costume,costume,,w Cap,,
132,2026-03-10,pm132.fSPRING_2026_B,Ditto_costume,costume,,w Hat,,
133,2018-08-11,pm133,Eevee,,,,,
133,2018-08-11,pm134,Eevee,,,,,
133,2018-08-11,pm135,Eevee,,,,,
133,2018-08-11,pm136,Eevee,,,,,
133,2018-08-11,pm196,Eevee,,,,,
133,2018-08-11,pm197,Eevee,,,,,
133,2018-08-11,pm470,Eevee,,,,,
133,2018-08-11,pm471,Eevee,,,,,
133,2019-02-26,pm133.cNOVEMBER_2018,Eevee_2019_FC,costume,,"Flower
Crown",,
133,2019-02-26,pm134.cNOVEMBER_2018,Eevee_2019_FC,costume,,"Flower
Crown",,
133,2019-02-26,pm135.cNOVEMBER_2018,Eevee_2019_FC,costume,,"Flower
Crown",,
133,2019-02-26,pm136.cNOVEMBER_2018,Eevee_2019_FC,costume,,"Flower
Crown",,
133,2019-02-26,pm196.cNOVEMBER_2018,Eevee_2019_FC,costume,,"Flower
Crown",,
133,2019-02-26,pm197.cNOVEMBER_2018,Eevee_2019_FC,costume,,"Flower
Crown",,
133,2019-05-17,pm470.cNOVEMBER_2018,Eevee_2019_FC,costume,,"Flower
Crown",,
133,2019-05-17,pm471.cNOVEMBER_2018,Eevee_2019_FC,costume,,"Flower
Crown",,
133,2019-05-17,pm700.cNOVEMBER_2018,Eevee_2019_FC,costume,,"Flower
Crown",,
133,2020-02-25,pm133.cJAN_2020_NOEVOLVE,Eevee_20200225,costume,,"Spotted
Party Hat",,
133,2021-05-25,pm700,Eevee,,,,,
133,2021-12-16,pm471.cHOLIDAY_2021_NOEVOLVE,Eevee_20211216,costume,,Holiday,,
133,2022-12-31,pm133.cHOLIDAY_2022,Eevee_20221231,costume,,Holiday Hat,,
133,2022-12-31,pm134.cHOLIDAY_2022,Eevee_20221231,costume,,Holiday Hat,,
133,2022-12-31,pm135.cHOLIDAY_2022,Eevee_20221231,costume,,Holiday Hat,,
133,2022-12-31,pm136.cHOLIDAY_2022,Eevee_20221231,costume,,Holiday Hat,,
133,2022-12-31,pm196.cHOLIDAY_2022,Eevee_20221231,costume,,Holiday Hat,,
133,2022-12-31,pm197.cHOLIDAY_2022,Eevee_20221231,costume,,Holiday Hat,,
133,2022-12-31,pm470.cHOLIDAY_2022,Eevee_20221231,costume,,Holiday Hat,,
133,2022-12-31,pm471.cHOLIDAY_2022,Eevee_20221231,costume,,Holiday Hat,,
133,2022-12-31,pm700.cHOLIDAY_2022,Eevee_20221231,costume,,Holiday Hat,,
133,2023-04-04,pm133.cSPRING_2023,Eevee_20230404,costume,,"Cherry
Blossoms",,
133,2023-04-04,pm134.cSPRING_2023,Eevee_20230404,costume,,"Cherry
Blossoms",,
133,2023-04-04,pm135.cSPRING_2023,Eevee_20230404,costume,,"Cherry
Blossoms",,
133,2023-04-04,pm136.cSPRING_2023,Eevee_20230404,costume,,"Cherry
Blossoms",,
133,2023-04-04,pm196.cSPRING_2023,Eevee_20230404,costume,,"Cherry
Blossoms",,
133,2023-04-04,pm197.cSPRING_2023,Eevee_20230404,costume,,"Cherry
Blossoms",,
133,2023-04-04,pm470.cSPRING_2023,Eevee_20230404,costume,,"Cherry
Blossoms",,
133,2023-04-04,pm471.cSPRING_2023,Eevee_20230404,costume,,"Cherry
Blossoms",,
133,2023-04-04,pm700.cSPRING_2023,Eevee_20230404,costume,,"Cherry
Blossoms",,
133,2023-10-07,pm133.cMAY_2023,Eevee_20231007,costume,,Safari Hat,,
133,2023-10-07,pm134.cMAY_2023,Eevee_20231007,costume,,Safari Hat,,
133,2023-10-07,pm135.cMAY_2023,Eevee_20231007,costume,,Safari Hat,,
133,2023-10-07,pm136.cMAY_2023,Eevee_20231007,costume,,Safari Hat,,
133,2023-10-07,pm196.cMAY_2023,Eevee_20231007,costume,,Safari Hat,,
133,2023-10-07,pm197.cMAY_2023,Eevee_20231007,costume,,Safari Hat,,
133,2023-10-07,pm470.cMAY_2023,Eevee_20231007,costume,,Safari Hat,,
133,2023-10-07,pm471.cMAY_2023,Eevee_20231007,costume,,Safari Hat,,
133,2023-10-07,pm700.cMAY_2023,Eevee_20231007,costume,,Safari Hat,,
133,2024-05-30,pm133.fGOFEST_2024_STIARA,Eevee_20240530,costume,,Sun Tiara,,
133,2024-05-30,pm133.fGOFEST_2024_MTIARA,Eevee_20240530,costume,,Moon Tiara,,
133,2024-06-14,pm196.fGOFEST_2024_SSCARF,Eevee_20240614,costume,,Sun Scarf,,
133,2024-06-14,pm197.fGOFEST_2024_MSCARF,Eevee_20240614,costume,,Moon Scarf,,
137,2020-09-19,pm137,Porygon,,,,--t: -15%,
137,2020-09-19,pm233,Porygon,,,,--t: -15%,
137,2020-09-19,pm474,Porygon,,,,--t: -15%,
138,2018-05-24,pm138,Omanyte,,,,,
138,2018-05-24,pm139,Omanyte,,,,,
140,2018-05-24,pm140,Kabuto,,,,,
140,2018-05-24,pm141,Kabuto,,,,,
142,2018-05-24,pm142,Aerodactyl,,,,--t: 0%,
142,2023-01-25,pm142.fMEGA,Aerodactyl,,,(M),--t: 0%,
142,2023-08-04,pm142.fSUMMER_2023,Aerodactyl_c23,costume,,w Satchel,--t: 0%,
143,2021-02-20,pm143,Snorlax,,,,--w: 120%; --l: 0%; --t: -10%,
143,2022-07-16,pm143.cGOFEST_2022_NOEVOLVE,Snorlax_c22,costume,,"Cowboy
Hat",--w: 120%; --l: 0%; --t: -10%,
143,2022-11-09,pm446,Snorlax,baby,-1,,,
143,2023-07-15,pm143.cNIGHTCAP,Snorlax_c23,costume,,Nightcap,--w: 120%; --l: 0%; --t: -10%,
143,2024-11-16,pm143.fWILDAREA_2024,Snorlax_c24,costume,,"Studded
Jacket",--w: 125%; --t: -15%,
143,2025-04-19,pm143.fGIGANTAMAX,Snorlax,,,(GM),,
144,2018-07-07,pm144,Articuno,,,,--w: 120%; --t: 15%,
144,2024-10-04,pm144.fGALARIAN,Articuno_G,,,(G),--w: 120%; --t: 0%,
145,2018-07-21,pm145,Zapdos,,,,--w: 120%; --t: 10%,
145,2024-10-04,pm145.fGALARIAN,Zapdos_G,,,(G),--w: 120%; --t: -10%,
146,2018-09-08,pm146,Moltres,,,,--w: 120%; --t: 15%,
146,2024-10-04,pm146.fGALARIAN,Moltres_G,,,(G),--w: 120%; --t: 0%,
147,2018-02-24,pm147,Dratini,,,,,
147,2018-02-24,pm148,Dratini,,,,,
147,2018-02-24,pm149,Dratini,,,,--w: 120%; --l: 5%; --t: 5%,
147,2026-02-28,pm149.fMEGA,Dratini,,,(M),--w: 120%; --l: 5%; --t: 5%,
149,2023-11-15,pm149.cFALL_2023,Dragonite_c23,costume,,Fashionable,--w: 120%; --l: 5%; --t: 5%,
150,2019-09-16,pm150,Mewtwo,,,,,
150,2026-07-11,pm150.fMEGA_X,Mewtwo,,,(M-X),--t: -0%,
150,2026-07-11,pm150.fMEGA_Y,Mewtwo,,,(M-Y),--t: -0%,
151,2021-02-20,pm151,Mew,,,,,
152,2018-09-22,pm152,Chikorita,,,,,
152,2018-09-22,pm153,Chikorita,,,,,
152,2018-09-22,pm154,Chikorita,,,,--w: 125%; --t: -15%,
155,2018-11-10,pm155,Cyndaquil,,,,,
155,2018-11-10,pm156,Cyndaquil,,,,,
155,2018-11-10,pm157,Cyndaquil,,,,--w: 125%; --t: -15%,
157,2024-01-14,pm157.fHISUIAN,Typhlosion_H,,,(H),,
158,2019-01-12,pm158,Totodile,,,,,
158,2019-01-12,pm159,Totodile,,,,,
158,2019-01-12,pm160,Totodile,,,,,
161,2019-09-02,pm161,Sentret,,,,,
161,2019-09-02,pm162,Sentret,,,,,
163,2022-01-01,pm163,Hoothoot,,,,,
163,2022-01-01,pm164,Hoothoot,,,,--t: -15%,
163,2022-01-01,pm163.cJAN_2022_NOEVOLVE,Hoothoot_2022,costume,,"New Year's
Hat",,
163,2022-12-31,pm164.cJAN_2022_NOEVOLVE,Hoothoot_2022,costume,,"New Year's
Hat",--t: -15%,
165,2020-09-10,pm165,Ledyba,,,,--t: -5%,
165,2020-09-10,pm166,Ledyba,,,,--t: -5%,
167,2021-10-15,pm167,Spinarak,,,,,
167,2021-10-15,pm168,Spinarak,,,,,
170,2020-04-17,pm170,Chinchou,,,,,
170,2020-04-17,pm171,Chinchou,,,,,
175,2018-03-22,pm175,Togepi,baby,-1,,,
175,2018-03-22,pm176,Togepi,,,,,
175,2018-03-22,pm468,Togepi,,,,,
175,2018-03-22,pm175.cAPRIL_2020_NOEVOLVE,Togepi_c20,baby=costume,-1,"Flower
Crown",,
175,2022-04-12,pm176.cAPRIL_2020_NOEVOLVE,Togepi_c20,costume,,"Flower
Crown",,
175,2022-04-12,pm468.cAPRIL_2020_NOEVOLVE,Togepi_c20,costume,,"Flower
Crown",,
177,2018-08-20,pm177,Natu,,,,,
177,2018-08-20,pm178,Natu,,,,,
179,2018-04-15,pm179,Mareep,,,,,
179,2018-04-15,pm180,Mareep,,,,,
179,2018-04-15,pm181,Mareep,,,,,
179,2018-04-15,pm181.fMEGA,Mareep,,,(M),,
183,2018-12-18,pm183,Marill,,,,,
183,2018-12-18,pm184,Marill,,,,,
183,2018-12-18,pm298,Marill,baby,-1,,,
185,2019-08-05,pm185,Sudowoodo,,,,,
185,2019-08-05,pm438,Sudowoodo,baby,-1,,,
185,2025-12-18,pm185.fWINTER_2025,Sudowoodo_c25,costume,,Holiday Attire,,
187,2022-02-12,pm187,Hoppip,,,,,
187,2022-02-12,pm188,Hoppip,,,,,
187,2022-02-12,pm189,Hoppip,,,,,
190,2019-05-07,pm190,Aipom,,,,,
190,2019-05-07,pm424,Aipom,,,,,
191,2018-08-20,pm191,Sunkern,,,,,
191,2018-08-20,pm192,Sunkern,,,,,
193,2019-09-20,pm193,Yanma,,,,,
193,2019-09-20,pm469,Yanma,,,,,
194,2020-12-11,pm194,Wooper,,,,,
194,2020-12-11,pm195,Wooper,,,,,
194,2023-11-05,pm194.fPALDEA,Wooper_P,,,,,
194,2023-11-05,pm980,Wooper_P,,,,,
194,2023-11-15,pm194.cFALL_2023,Wooper_1,costume,,Fashionable,,
194,2023-11-15,pm195.cFALL_2023,Wooper_1,costume,,Fashionable,,
198,2018-03-31,pm198,Murkrow,,,,,
198,2018-11-14,pm430,Murkrow,,,,--t: -5%,
200,2018-12-01,pm200,Misdreavus,,,,--t: -5%,
200,2018-12-01,pm429,Misdreavus,,,,--t: -5%,
201,2020-07-25,pm201.fUNOWN_G,Unown,,7,(G),--t: -15%,
201,2020-07-25,pm201.fUNOWN_O,Unown,,15,(O),--t: -15%,
201,2020-08-07,pm201.fUNOWN_A,Unown,,1,(A),--t: -15%,
201,2020-08-07,pm201.fUNOWN_L,Unown,,12,(L),--t: -15%,
201,2020-08-07,pm201.fUNOWN_R,Unown,,18,(R),--t: -15%,
201,2020-08-07,pm201.fUNOWN_T,Unown,,20,(T),--t: -15%,
201,2020-08-07,pm201.fUNOWN_U,Unown,,21,(U),--t: -15%,
201,2020-11-22,pm201.fUNOWN_C,Unown,,3,(C),--t: -15%,
201,2021-07-17,pm201.fUNOWN_F,Unown,,6,(F),--t: -15%,
201,2022-02-26,pm201.fUNOWN_J,Unown,,10,(J),--t: -15%,
201,2022-05-13,pm201.fUNOWN_E,Unown,,5,(E),--t: -15%,
201,2022-05-13,pm201.fUNOWN_I,Unown,,9,(I),--t: -15%,
201,2022-05-13,pm201.fUNOWN_S,Unown,,19,(S),--t: -15%,
201,2022-05-13,pm201.fUNOWN_V,Unown,,22,(V),--t: -15%,
201,2022-06-04,pm201.fUNOWN_B,Unown,,2,(B),--t: -15%,
201,2022-08-17,pm201.fUNOWN_D,Unown,,4,(D),--t: -15%,
201,2022-08-27,pm201.fUNOWN_N,Unown,,14,(N),--t: -15%,
201,2022-08-27,pm201.fUNOWN_P,Unown,,16,(P),--t: -15%,
201,2022-08-27,pm201.fUNOWN_X,Unown,,24,(X),--t: -15%,
201,2022-09-24,pm201.fUNOWN_Y,Unown,,25,(Y),--t: -15%,
201,2023-02-18,pm201.fUNOWN_H,Unown,,8,(H),--t: -15%,
201,2023-08-04,pm201.fUNOWN_M,Unown,,13,(M),--t: -15%,
201,2023-08-04,pm201.fUNOWN_EXCLAMATION_POINT,Unown,,27,(!),--t: -15%,
201,2024-05-30,pm201.fUNOWN_QUESTION_MARK,Unown,,28,(?),--t: -15%,
201,2025-11-07,pm201.fUNOWN_K,Unown,,11,(K),--t: -15%,
201,2025-11-07,pm201.fUNOWN_W,Unown,,23,(W),--t: -15%,
201,2026-02-21,pm201.fUNOWN_Z,Unown,,26,(Z),--t: -15%,
201,,pm201.fUNOWN_Q,Unown,,17,(Q),--t: -15%,
202,2018-03-22,pm202,Wobbuffet,,,(♂),--w: 125%; --t: -15%,
202,2018-03-22,pm202.g2,Wobbuffet,,,(♀),--w: 125%; --t: -15%,
202,2018-03-22,pm202.cJAN_2020_NOEVOLVE,Wobbuffet_c,costume,,"(♂)
Party
Hat",--w: 125%; --t: -15%,
202,2018-03-22,pm202.cJAN_2020_NOEVOLVE.g2,Wobbuffet_c,costume,,"(♀)
Party
Hat",--w: 125%; --t: -15%,
202,2018-03-22,pm360,Wobbuffet,baby,-1,,,
203,2022-02-26,pm203,Girafarig,,,,,
204,2018-08-20,pm204,Pineco,,,,,
204,2018-08-20,pm205,Pineco,,,,--t: -5%,
206,2020-05-08,pm206,Dunsparce,,,,,
206,2025-09-23,pm982.fTWO,Dunsparce,,,(2),--w: 105%; --t: 0%; --l: 5%,
206,2025-09-23,pm982.fTHREE,Dunsparce,,,(3),--w: 115%; --t: -7%,
207,2019-09-02,pm207,Gligar,,,,,
207,2019-09-02,pm472,Gligar,,,,,
209,2018-08-01,pm209,Snubbull,,,,,
209,2018-08-01,pm210,Snubbull,,,,,
211,2020-07-25,pm211,Qwilfish,,,,--t: -5%,
211,2024-02-17,pm211.fHISUIAN,Qwilfish_H,,,(H),--t: -10%,
211,2024-02-17,pm904,Qwilfish_H,,,,--t: -20%,
213,2019-04-18,pm213,Shuckle,,,,,
214,2021-08-06,pm214,Heracross,,,(♂),,
214,2021-08-06,pm214.g2,Heracross,,,(♀),,
214,2024-04-13,pm214.fMEGA,Heracross,,,(M),,
215,2019-07-25,pm215,Sneasel,,,,,
215,2019-07-25,pm461,Sneasel,,,,,
215,2021-09-21,pm215.cFASHION_2021_NOEVOLVE,Sneasel_c21,costume,,Fashionable,,
215,2023-12-05,pm215.fHISUIAN,Sneasel_H,,,(H),,
215,2023-12-05,pm903,Sneasel_H,,,,,
216,2020-03-26,pm216,Teddiursa,,,,,
216,2020-03-26,pm217,Teddiursa,,,,,
216,2022-11-12,pm901,Teddiursa,,,,,
216,2025-10-27,pm216.cHALLOWEEN_2025,Teddiursa_c25,costume,,Witch Hat,,
216,2025-10-27,pm217.cHALLOWEEN_2025,Teddiursa_c25,costume,,Witch Hat,,
216,2025-10-27,pm901.cHALLOWEEN_2025,Teddiursa_c25,costume,,Witch Hat,,
218,2022-01-07,pm218,Slugma,,,,,
218,2022-01-07,pm219,Slugma,,,,,
220,2019-02-16,pm220,Swinub,,,,,
220,2019-02-16,pm221,Swinub,,,,,
220,2019-02-16,pm473,Swinub,,,,,
222,2022-02-26,pm222,Corsola,,,,,
222,2024-11-27,pm222.fGALARIAN,Corsola_G,,,(G),,
222,2026-04-14,pm222.fSPRING_2026,Corsola_G_sunglasses,costume,,"(G)
Pink
Sunglasses",,
222,2024-11-27,pm864,Corsola_G,,,,,
223,2022-02-26,pm223,Remoraid,,,,,
223,2022-02-26,pm224,Remoraid,,,,,
225,2018-12-18,pm225,Delibird,,,,,
225,2020-12-22,pm225.fWINTER_2020,Delibird,costume,,Holiday,,
226,2022-02-26,pm226,Mantine,,,,,
226,2023-05-02,pm458,Mantine,baby,-1,,--t: -20%,
227,2019-11-01,pm227,Skarmory,,,,,
228,2018-08-01,pm228,Houndour,,,,,
228,2018-08-01,pm229,Houndour,,,,,
228,2018-08-01,pm229.fMEGA,Houndour,,,(M),,
231,2022-02-26,pm231,Phanpy,,,,,
231,2022-02-26,pm232,Phanpy,,,,,
234,2019-12-24,pm234,Stantler,,,,,
234,2019-12-24,pm234.cWINTER_2018,Stantler,costume,,"Christmas
Bells",,
235,2021-04-29,pm235,Smeargle,,,,,
241,2021-01-26,pm241,Miltank,,,,,
243,2019-06-29,pm243,Raikou,,,,,
244,2019-07-14,pm244,Entei,,,,,
245,2019-08-17,pm245,Suicune,,,,,
246,2018-06-16,pm246,Larvitar,,,,,
246,2018-06-16,pm247,Larvitar,,,,,
246,2018-06-16,pm248,Larvitar,,,,,
246,2023-07-27,pm248.fMEGA,Larvitar,,,(M),,
249,2018-03-16,pm249,Lugia,,,,--w: 130%; --t: -5%; --l: -5%,
250,2018-05-19,pm250,Ho_Oh,,,,--w: 100%; --t: 5%; --l: 5%,
251,2020-12-14,pm251,Celebi,,,,--t: -10%,
252,2019-03-23,pm252,Treecko,,,,,
252,2019-03-23,pm253,Treecko,,,,,
252,2019-03-23,pm254,Treecko,,,,,
252,2022-12-02,pm254.fMEGA,Treecko,,,(M),,
255,2019-05-19,pm255,Torchic,,,,,
255,2019-05-19,pm256,Torchic,,,,,
255,2019-05-19,pm257,Torchic,,,,,
255,2022-12-02,pm257.fMEGA,Torchic,,,(M),,
258,2019-07-21,pm258,Mudkip,,,,,
258,2019-07-21,pm259,Mudkip,,,,,
258,2019-07-21,pm260,Mudkip,,,,,
258,2022-12-02,pm260.fMEGA,Mudkip,,,(M),,
261,2018-02-15,pm261,Poochyena,,,,,
261,2018-02-15,pm262,Poochyena,,,,,
263,2019-01-15,pm263,Zigzagoon,,,,,
263,2019-01-15,pm264,Zigzagoon,,,,,
263,2021-05-25,pm263.fGALARIAN,Zigzagoon_G,,,(G),,
263,2021-05-25,pm264.fGALARIAN,Zigzagoon_G,,,(G),,
263,2021-05-25,pm862,Zigzagoon_G,,,,,
263,2021-07-17,pm263.fGALARIAN.cGOFEST_2021_NOEVOLVE,Zigzagoon_G_21,costume,,"(G)
Meloetta
Hat",,
265,2020-01-02,pm265,Wurmple,,,,,
265,2020-01-16,pm266,Wurmple,,,,,
265,2020-01-16,pm267,Wurmple,,,,--t: -10%,
265,2020-01-16,pm268,Wurmple,,,,,
265,2020-01-16,pm269,Wurmple,,,,--t: -10%,
265,2020-01-02,pm265.cJAN_2020_NOEVOLVE,Wurmple_c20,costume,,Party Hat,,
270,2019-03-29,pm270,Lotad,,,,,
270,2019-03-29,pm271,Lotad,,,,,
270,2019-03-29,pm272,Lotad,,,,,
273,2020-05-23,pm273,Seedot,,,,,
273,2020-05-23,pm274,Seedot,,,,,
273,2020-05-23,pm275,Seedot,,,,,
276,2019-01-15,pm276,Taillow,,,,,
276,2019-01-15,pm277,Taillow,,,,,
278,2018-08-29,pm278,Wingull,,,,--t: -10%,
278,2018-08-29,pm279,Wingull,,,,--t: -10%,
280,2019-08-03,pm280,Ralts,,,,,
280,2019-08-03,pm281,Ralts,,,,,
280,2019-08-03,pm282,Ralts,,,,,
280,2019-08-03,pm475,Ralts,,,,,
280,2019-08-03,pm281.cFALL_2020_NOEVOLVE,Ralts_c20,costume,,Top Hat,,
280,2023-02-08,pm282.fMEGA,Ralts,,,(M),,
280,2025-01-11,pm475.fMEGA,Ralts,,,(M),,
283,2023-02-18,pm283,Surskit,,,,,
283,2023-02-18,pm284,Surskit,,,,--t: -10%,
285,2022-06-04,pm285,Shroomish,,,,,
285,2022-06-04,pm286,Shroomish,,,,,
287,2019-06-08,pm287,Slakoth,,,,,
287,2019-06-08,pm288,Slakoth,,,,,
287,2019-06-08,pm289,Slakoth,,,,,
287,2024-06-07,pm287.cSUMMER_2024,Slakoth_1,costume,,Visor,,
287,2024-06-07,pm288.cSUMMER_2024,Slakoth_1,costume,,Visor,,
287,2024-06-07,pm289.cSUMMER_2024,Slakoth_1,costume,,Visor,,
290,2020-03-19,pm290,Nincada,,,,,
290,2020-03-19,pm291,Nincada,,,,--t: -5%,
290,2022-10-01,pm292,Nincada,,,,--t: -5%,
293,2021-07-17,pm293,Whismur,,,,,
293,2021-07-17,pm294,Whismur,,,,,
293,2021-07-17,pm295,Whismur,,,,,
296,2018-05-01,pm296,Makuhita,,,,,
296,2018-05-01,pm297,Makuhita,,,,,
299,2021-03-09,pm299,Nosepass,,,,,
299,2021-03-09,pm476,Nosepass,,,,--w: 130%; --t: -5%,
300,2020-05-15,pm300,Skitty,,,,,
300,2020-05-15,pm301,Skitty,,,,,
302,2017-10-20,pm302,Sableye,,,,,
302,2020-10-23,pm302.fCOSTUME_2020,Sableye,costume,,Litwick Hat,,
302,2023-06-29,pm302.fMEGA,Sableye,,,(M),--t: -10%,
303,2017-12-08,pm303,Mawile,,,,,
303,2024-10-12,pm303.fMEGA,Mawile,,,(M),,
304,2018-01-23,pm304,Aron,,,,,
304,2018-01-23,pm305,Aron,,,,,
304,2018-01-23,pm306,Aron,,,,,
304,2022-09-16,pm306.fMEGA,Aron,,,(M),,
307,2018-05-01,pm307,Meditite,,,,,
307,2018-05-01,pm308,Meditite,,,,,
307,2023-03-08,pm308.fMEGA,Meditite,,,(M),,
309,2019-09-01,pm309,Electrike,,,,,
309,2019-09-01,pm310,Electrike,,,,,
309,2021-03-16,pm310.fMEGA,Electrike,,,(M),,
311,2018-07-14,pm311,Plusle-Minum,,,,,
311,2018-07-14,pm312,Plusle-Minum,,,,,
313,2020-04-21,pm313,Volbeat-Illumise,,,,,
313,2020-04-21,pm314,Volbeat-Illumise,,,,,
315,2018-06-30,pm315,Roselia,,,,,
315,2018-11-06,pm406,Roselia,baby,-1,,,
315,2018-11-14,pm407,Roselia,,,,,
316,2023-02-18,pm316,Gulpin,,,,,
316,2023-02-18,pm317,Gulpin,,,,,
318,2019-08-23,pm318,Carvanha,,,,,
318,2019-08-23,pm319,Carvanha,,,,,
318,2025-09-07,pm319.fMEGA,Carvanha,,,(M),,
320,2018-04-23,pm320,Wailmer,,,,--t: -10%,
320,2018-04-23,pm321,Wailmer,,,,,
322,2022-06-04,pm322,Numel,,,,,
322,2022-06-04,pm323,Numel,,,,--w: 100%; --t: 0%; --l: 5%,
322,2025-09-28,pm323.fMEGA,Numel,,,(M),--w: 100%; --t: 5%,
324,2023-02-18,pm324,Torkoal,,,,,
325,2019-02-04,pm325,Spoink,,,,,
325,2019-02-04,pm326,Spoink,,,,,
327,2019-07-01,pm327.f07,Spinda,,8,(#8),,
327,2019-09-01,pm327.f02,Spinda,,3,(#3),,
327,2019-11-01,pm327.f00,Spinda,,1,(#1),,
327,2020-01-01,pm327.f06,Spinda,,7,(#7),,
327,2020-03-01,pm327.f05,Spinda,,6,(#6),,
327,2020-06-01,pm327.f04,Spinda,,5,(#5),,
327,2020-09-01,pm327.f01,Spinda,,2,(#2),,
327,2020-11-01,pm327.f03,Spinda,,4,(#4),,
327,2021-02-14,pm327.f08,Spinda,,9,(#9),,
328,2019-10-11,pm328,Trapinch,,,,,
328,2019-10-11,pm329,Trapinch,,,,,
328,2019-10-11,pm330,Trapinch,,,,,
331,2023-02-18,pm331,Cacnea,,,,,
331,2023-02-18,pm332,Cacnea,,,,,
333,2018-02-09,pm333,Swablu,,,,,
333,2018-02-09,pm334,Swablu,,,,--t: 0%,
333,2021-05-15,pm334.fMEGA,Swablu,,,(M),--t: -10%,
335,2019-09-26,pm335,Zangoose,,,,,
336,2019-09-26,pm336,Seviper,,,,,
337,2019-03-19,pm337,Lunatone-Solrock,,,,--t: -10%,
337,2019-03-19,pm338,Lunatone-Solrock,,,,--t: -10%,
339,2019-08-23,pm339,Barboach,,,,--t: -10%,
339,2019-08-23,pm340,Barboach,,,,--t: -10%,
341,2022-05-13,pm341,Corphish,,,,,
341,2022-05-13,pm342,Corphish,,,,,
343,2020-03-27,pm343,Baltoy,,,,,
343,2020-03-27,pm344,Baltoy,,,,--t: -10%,
345,2019-06-04,pm345,Lileep,,,,,
345,2019-06-04,pm346,Lileep,,,,,
347,2019-06-04,pm347,Anorith,,,,,
347,2019-06-04,pm348,Anorith,,,,,
349,2019-01-19,pm349,Feebas,,,,--t: -10%,
349,2019-01-19,pm350,Feebas,,,,,
351,2019-03-30,pm351,Castform,,,,,
351,2021-03-24,pm351.fRAINY,Castform,,,(🌧️),,
351,2022-12-01,pm351.fSUNNY,Castform,,,(☀️),,
351,2022-12-01,pm351.fSNOWY,Castform,,,(❄️),,
352,2023-02-18,pm352,Kecleon,,,,,
353,2017-10-31,pm353,Shuppet,,,,,
353,2017-10-31,pm354,Shuppet,,,,,
353,2022-10-20,pm354.fMEGA,Shuppet,,,(M),,
355,2017-10-26,pm355,Duskull,,,,,
355,2017-10-26,pm356,Duskull,,,,,
355,2017-10-26,pm477,Duskull,,,,--w: 120%; --t: 0%,
355,2022-11-01,pm355.cFALL_2022_NOEVOLVE,Duskull_c22,costume,,"Cempasúchil
Crown",,
355,2022-11-01,pm356.cFALL_2022_NOEVOLVE,Duskull_c22,costume,,"Cempasúchil
Crown",,
355,2022-11-01,pm477.cFALL_2022_NOEVOLVE,Duskull_c22,costume,,"Cempasúchil
Crown",--w: 120%; --t: 0%,
357,2023-02-18,pm357,Tropius,,,,--t: -10%,
358,2021-07-17,pm358,Chimecho,,,,,
358,2024-02-17,pm433,Chimecho,baby,-1,,--t: -10%,
359,2017-12-08,pm359,Absol,,,,,
359,2021-10-21,pm359.fMEGA,Absol,,,(M),,
359,2022-09-27,pm359.cFALL_2022_NOEVOLVE,Absol_22,costume,,Sunglasses,,
361,2017-12-21,pm361,Snorunt,,,,,
361,2017-12-21,pm362,Snorunt,,,,--t: -10%,
361,2019-01-31,pm478,Snorunt,,,,--t: -10%,
361,2022-12-15,pm362.fMEGA,Snorunt,,,(M),--t: -10%,
363,2021-12-16,pm363,Spheal,,,,,
363,2021-12-16,pm364,Spheal,,,,,
363,2021-12-16,pm365,Spheal,,,,,
363,2021-12-16,pm363.cHOLIDAY_2021_NOEVOLVE,Spheal_c21,costume,,Holiday,,
366,2019-02-23,pm366,Clamperl,,,,,
366,2019-02-23,pm367,Clamperl,,,,--t: -10%,
366,2019-02-23,pm368,Clamperl,,,,--t: -10%,
369,2023-02-18,pm369,Relicanth,,,,--t: -10%,
370,2018-02-13,pm370,Luvdisc,,,,,
371,2019-04-13,pm371,Bagon,,,,,
371,2019-04-13,pm372,Bagon,,,,,
371,2019-04-13,pm373,Bagon,,,,--t: -10%,
371,2023-01-10,pm373.fMEGA,Bagon,,,(M),--t: -10%,
374,2018-10-21,pm374,Beldum,,,,,
374,2018-10-21,pm375,Beldum,,,,--t: -10%,
374,2018-10-21,pm376,Beldum,,,,,
374,2025-10-04,pm376.fMEGA,Beldum,,,(M),--w: 100%; --t: 10%; --l: 5%,
377,2019-11-01,pm377,Regirock,,,,,
378,2019-11-01,pm378,Regice,,,,,
379,2019-11-01,pm379,Registeel,,,,,
380,2019-02-22,pm380,Latias,,,,--t: -10%,
380,2022-05-03,pm380.fMEGA,Latias,,,(M),--t: -10%,
381,2019-04-15,pm381,Latios,,,,--t: -10%,
381,2022-05-03,pm381.fMEGA,Latios,,,(M),--t: -10%,
382,2018-06-07,pm382,Kyogre,,,,--t: -10%,
382,2023-02-18,pm382.fPRIMAL,Kyogre,,,(P),--t: -10%,
383,2019-01-15,pm383,Groudon,,,,--w: 100%; --t: 0%; --l: 5%,
383,2023-02-18,pm383.fPRIMAL,Groudon,,,(P),--w: 100%; --t: 0%; --l: 5%,
384,2019-07-31,pm384,Rayquaza,,,,--t: -10%,
384,2023-08-04,pm384.fMEGA,Rayquaza,,,(M),--t: -10%,
385,2023-02-18,pm385,Jirachi,,,,,
386,2020-08-07,pm386,Deoxys,,,(N),,
386,2022-02-19,pm386.fATTACK,Deoxys,,,(A),,
386,2022-02-22,pm386.fDEFENSE,Deoxys,,,(D),,
386,2022-02-25,pm386.fSPEED,Deoxys,,,(S),,
387,2019-09-14,pm387,Turtwig,,,,,
387,2019-09-14,pm388,Turtwig,,,,,
387,2019-09-14,pm389,Turtwig,,,,,
387,2021-11-16,pm387.cGEMS_1_2021_NOEVOLVE,Turtwig_21gems,costume,,Luca's Hat,,
387,2021-11-16,pm387.cGEMS_2_2021_NOEVOLVE,Turtwig_21gems,costume,,Dawn's Hat,,
390,2019-11-15,pm390,Chimchar,,,,,
390,2019-11-15,pm391,Chimchar,,,,,
390,2019-11-15,pm392,Chimchar,,,,,
390,2021-11-16,pm390.cGEMS_1_2021_NOEVOLVE,Chimchar_21gems,costume,,Luca's Hat,,
390,2021-11-16,pm390.cGEMS_2_2021_NOEVOLVE,Chimchar_21gems,costume,,Dawn's Hat,,
393,2020-01-18,pm393,Piplup,,,,,
393,2020-01-18,pm394,Piplup,,,,,
393,2020-01-18,pm395,Piplup,,,,,
393,2021-10-15,pm393.cHALLOWEEN_2021_NOEVOLVE,Piplup_21Ha,costume,,"Halloween
Mischief",,
393,2021-11-16,pm393.cGEMS_1_2021_NOEVOLVE,Piplup_21gems,costume,,Luca's Hat,,
393,2021-11-16,pm393.cGEMS_2_2021_NOEVOLVE,Piplup_21gems,costume,,Dawn's Hat,,
396,2022-07-17,pm396,Starly,,,,,
396,2022-07-17,pm397,Starly,,,,--t: -5%,
396,2022-07-17,pm398,Starly,,,,--t: -5%,
399,2021-06-25,pm399,Bidoof,,,,,
399,2021-06-25,pm400,Bidoof,,,,,
401,2020-10-02,pm401,Kricketot,,,,,
401,2020-10-02,pm402,Kricketot,,,,,
403,2018-10-16,pm403,Shinx,,,,,
403,2018-10-16,pm404,Shinx,,,,,
403,2018-10-16,pm405,Shinx,,,,,
403,2018-10-16,pm403.cFALL_2020_NOEVOLVE,Shinx_c20,costume,,Top Hat,,
408,2021-07-23,pm408,Cranidos,,,,,
408,2021-07-23,pm409,Cranidos,,,,,
410,2021-07-23,pm410,Shieldon,,,,,
410,2021-07-23,pm411,Shieldon,,,,,
412,2019-12-05,pm412.fBURMY_PLANT,Burmy,,,(🌿),--t: -5%,
412,2019-12-05,pm412.fBURMY_SANDY,Burmy,,,(🏖️),--t: -5%,
412,2019-12-05,pm412.fBURMY_TRASH,Burmy,,,(🗑️),--t: -5%,
412,2019-12-05,pm413.fWORMADAM_PLANT,Burmy,,,(🌿),--t: -10%,
412,2019-12-05,pm413.fWORMADAM_SANDY,Burmy,,,(🏖️),--t: -10%,
412,2019-12-05,pm413.fWORMADAM_TRASH,Burmy,,,(🗑️),--t: -10%,
412,2019-12-05,pm414,Burmy,,,,--t: -15%; --l: -20%,
415,2022-07-22,pm415,Combee,,,(♂),--t: -5%,
415,2022-07-22,pm415.g2,Combee,,,(♀),--t: -5%,
415,2022-07-22,pm416,Combee,,,,--t: -10%,
417,2024-02-19,pm417,Pachirisu,,,,,
418,2021-01-12,pm418,Buizel,,,,,
418,2021-01-12,pm419,Buizel,,,,,
420,2022-04-20,pm420,Cherubi,,,,,
420,2022-04-20,pm421.fOVERCAST,Cherubi,,,(☁️),,
420,2022-04-20,pm421.fSUNNY,Cherubi,,,(☀️),,
422,2023-08-27,pm422.fEAST_SEA,Shellos_East,,,(E 🌊),,
422,2023-08-27,pm423.fEAST_SEA,Shellos_East,,,(E 🌊),,
422,2023-08-27,pm422.fWEST_SEA,Shellos_West,,,(W 🌊),,
422,2023-08-27,pm423.fWEST_SEA,Shellos_West,,,(W 🌊),,
425,2018-10-23,pm425,Drifloon,,,,--t: -20%,
425,2018-10-23,pm426,Drifloon,,,,--t: -20%,
425,2021-10-15,pm426.cHALLOWEEN_2021_NOEVOLVE,Drifloon_c21,costume,,"Halloween
Mischief",--t: -20%,
427,2019-04-16,pm427,Buneary,,,,,
427,2019-04-16,pm428,Buneary,,,,,
427,2021-04-04,pm428.fMEGA,Buneary,,,(M),,
427,2020-04-09,pm427.cAPRIL_2020_NOEVOLVE,Buneary_c20,costume,,"Flower
Crown",,
427,2022-04-12,pm428.cAPRIL_2020_NOEVOLVE,Buneary_c20,costume,,"Flower
Crown",,
431,2020-05-22,pm431,Glameow,,,,,
431,2020-05-22,pm432,Glameow,,,,,
434,2024-02-24,pm434,Stunky,,,,,
434,2024-02-24,pm435,Stunky,,,,,
436,2019-05-21,pm436,Bronzor,,,,,
436,2019-05-21,pm437,Bronzor,,,,--w: 100%; --t: 0%; --l: 5%,
441,2024-02-19,pm441,Chatot,,,,,
442,2020-10-24,pm442,Spiritomb,,,,--w: 100%; --t: 0%; --l: 5%,
443,2019-12-17,pm443,Gible,,,,,
443,2019-12-17,pm444,Gible,,,,,
443,2019-12-17,pm445,Gible,,,,--w: 100%; --t: 0%; --l: 5%,
443,2023-11-11,pm445.fMEGA,Gible,,,(M),--w: 100%; --t: 0%; --l: 5%,
447,2020-02-06,pm447,Riolu,baby,-1,,,
447,2020-02-06,pm448,Riolu,,,,,
447,2024-07-27,pm448.fMEGA,Riolu,,,(M),,
449,2020-02-07,pm449,Hippowdon,,,(♂),,
449,2020-02-07,pm450,Hippowdon,,,(♂),,
449,2020-02-07,pm449.g2,Hippowdon_01,,,(♀),,
449,2020-02-07,pm450.g2,Hippowdon_01,,,(♀),,
451,2020-03-05,pm451,Skorupi,,,,,
451,2020-03-05,pm452,Skorupi,,,,,
453,2020-03-31,pm453,Croagunk,,,,,
453,2020-03-31,pm454,Croagunk,,,,,
453,2020-03-31,pm453.cFALL_2020_NOEVOLVE,Croagunk_c20,costume,,"Backwards
Cap",,
453,2022-09-27,pm454.cFALL_2020_NOEVOLVE,Croagunk_c20,costume,,"Backwards
Cap",,
455,2024-02-19,pm455,Carnivine,,,,--t: 0%,
456,2022-10-21,pm456,Finneon,,,,--t: -15%,
456,2022-10-21,pm457,Finneon,,,,--t: -15%,
459,2019-12-24,pm459,Snover,,,,,
459,2019-12-24,pm460,Snover,,,,,
459,2019-12-24,pm460.fMEGA,Snover,,,(M),--w: 95%; --t: 10%; --l: 5%,
479,2024-02-17,pm479,Rotom,,,,,
480,2021-09-14,pm480,Uxie,,,,,
481,2021-09-14,pm481,Mesprit,,,,,
482,2021-09-14,pm482,Azelf,,,,,
483,2021-07-23,pm483,Dialga,,,,--w: 100%; --t: 5%; --l: 5%,
483,2024-02-17,pm483.fORIGIN,Dialga,,,(O),--w: 100%; --t: 0%; --l: 5%,
484,2021-08-06,pm484,Palkia,,,,--w: 100%; --t: 5%; --l: 5%,
484,2024-02-17,pm484.fORIGIN,Palkia,,,(O),--w: 100%; --t: 0%; --l: 5%,
485,2020-01-07,pm485,Heatran,,,,,
486,2021-06-17,pm486,Regigigas,,,,,
487,2019-09-23,pm487.fALTERED,Giratina,,,(A),,
487,2020-10-09,pm487.fORIGIN,Giratina,,,(O),--t: -20%,
488,2019-05-27,pm488,Cresselia,,,,--t: -20%,
489,,pm489,Phione,,,,,
490,,pm490,Manaphy,,,,,
491,2020-03-06,pm491,Darkrai,,,,,
492,2024-02-24,pm492.fSKY,Shaymin,,,(☁️),,
492,2024-02-24,pm492.fLAND,Shaymin,,,(🌍),,
493,,pm493,Arceus,,,,,
494,,pm494,Victini,,,,,
495,2021-01-04,pm495,Snivy,,,,,
495,2021-01-04,pm496,Snivy,,,,,
495,2021-01-04,pm497,Snivy,,,,,
498,2021-07-03,pm498,Tepig,,,,,
498,2021-07-03,pm499,Tepig,,,,,
498,2021-07-03,pm500,Tepig,,,,,
501,2021-09-19,pm501,Oshawott,,,,,
501,2021-09-19,pm502,Oshawott,,,,,
501,2021-09-19,pm503,Oshawott,,,,,
503,2023-12-03,pm503.fHISUIAN,Samurott_H,,,(H),,
504,2019-09-16,pm504,Patrat,,,,,
504,2019-09-16,pm505,Patrat,,,,,
506,2019-09-16,pm506,Lillipup,,,,,
506,2019-09-16,pm507,Lillipup,,,,,
506,2019-09-16,pm508,Lillipup,,,,,
509,2022-11-24,pm509,Purrloin,,,,,
509,2022-11-24,pm510,Purrloin,,,,,
511,2022-08-05,pm511,Pansage,,,,,
511,2022-08-05,pm512,Pansage,,,,,
513,2022-07-01,pm513,Pansear,,,,,
513,2022-07-01,pm514,Pansear,,,,,
515,2022-07-22,pm515,Panpour,,,,,
515,2022-07-22,pm516,Panpour,,,,,
517,2022-08-27,pm517,Munna,,,,--t: -20%,
517,2022-08-27,pm518,Munna,,,,--t: -20%,
519,2020-07-02,pm519,Pidove,,,,,
519,2020-07-02,pm520,Pidove,,,,--t: -20%,
519,2020-07-02,pm521,Pidove,,,(♂),,
519,2020-07-02,pm521.g2,Pidove,,,(♀),,
522,2021-09-21,pm522.cFASHION_2021_NOEVOLVE,Blitzle_c21,costume,,Fashionable,,
522,2021-09-28,pm522,Blitzle,,,,,
522,2021-09-28,pm523,Blitzle,,,,,
524,2020-08-14,pm524,Roggenrola,,,,,
524,2020-08-14,pm525,Roggenrola,,,,,
524,2020-08-14,pm526,Roggenrola,,,,,
527,2020-07-24,pm527,Woobat,,,,--t: -20%,
527,2020-07-24,pm528,Woobat,,,,--t: -20%,
529,2023-04-20,pm529,Drilbur,,,,,
529,2023-04-20,pm530,Drilbur,,,,,
531,2021-07-17,pm531,Audino,,,,,
531,2025-04-05,pm531.fMEGA,Audino,,,(M),,
532,2020-03-13,pm532,Timburr,,,,,
532,2020-03-13,pm533,Timburr,,,,,
532,2020-03-13,pm534,Timburr,,,,--t: -20%,
535,2021-07-17,pm535,Tympole,,,,,
535,2021-07-17,pm536,Tympole,,,,,
535,2021-07-17,pm537,Tympole,,,,,
538,2021-07-17,pm538,Throh,,,,,
539,2021-07-17,pm539,Sawk,,,,,
540,2024-10-05,pm540,Sewaddle,,,,,
540,2024-10-05,pm541,Sewaddle,,,,,
540,2024-10-05,pm542,Sewaddle,,,,,
543,2022-08-10,pm543,Venipede,,,,,
543,2022-08-10,pm544,Venipede,,,,--t: -20%,
543,2022-08-10,pm545,Venipede,,,,,
546,2022-03-22,pm546,Cottonee,,,,,
546,2022-03-22,pm547,Cottonee,,,,,
546,2024-03-21,pm546.cSPRING_2024,Cottonee_F,costume,,Flower Crown,,
546,2024-03-21,pm547.cSPRING_2024,Cottonee_F,costume,,Flower Crown,,
548,2023-08-04,pm548,Petilil,,,,,
548,2023-08-04,pm549,Petilil,,,,,
548,2025-07-12,pm549.fHISUIAN,Petilil_H,,,(H),,
550,2024-02-24,pm550.fWHITE_STRIPED,Basculin,,,(⚪),--t: -10%,
550,2024-12-03,pm550.fRED_STRIPED,Basculin,,,(🔴),--t: -10%,
550,2024-12-03,pm550.fBLUE_STRIPED,Basculin,,,(🔵),--t: -10%,
551,2024-03-27,pm551,Sandile,,,,,
551,2024-03-27,pm552,Sandile,,,,,
551,2024-03-27,pm553,Sandile,,,,,
554,2021-07-06,pm554,Darumaka,,,,,
554,2021-07-06,pm555.fSTANDARD,Darumaka,,,,,
554,2021-12-23,pm554.fGALARIAN,Darumaka_G,,,(G),,
554,2021-12-23,pm555.fGALARIAN_STANDARD,Darumaka_G,,,(G),,
556,2025-02-21,pm556,Maractus,,,,,
557,2020-06-25,pm557,Dwebble,,,,,
557,2020-06-25,pm558,Dwebble,,,,,
559,2023-08-11,pm559,Scraggy,,,,,
559,2023-08-11,pm560,Scraggy,,,,,
561,2025-02-21,pm561,Sigilyph,,,,--t: 0%,
562,2019-10-17,pm562,Yamask,,,,,
562,2019-10-17,pm563,Yamask,,,,,
562,2022-10-20,pm562.fGALARIAN,Yamask_G,,,(G),,
562,2022-10-20,pm867,Yamask_G,,,,,
564,2022-06-07,pm564,Tirtouga,,,,,
564,2022-06-07,pm565,Tirtouga,,,,,
566,2022-06-07,pm566,Archen,,,,,
566,2022-06-07,pm567,Archen,,,,,
568,2021-04-20,pm568,Trubbish,,,,,
568,2021-04-20,pm569,Trubbish,,,,,
568,2025-11-01,pm569.fGIGANTAMAX,Trubbish,,,(GM),,
570,2023-10-26,pm570,Zorua,,,,,
570,2023-10-26,pm571,Zorua,,,,,
572,2020-02-02,pm572,Minccino,,,,,
572,2020-02-02,pm573,Minccino,,,,,
572,2025-01-10,pm572.cFASHION_2025,Minccino_c25,costume,,Fashionable,,
572,2025-01-10,pm573.cFASHION_2025,Minccino_c25,costume,,Fashionable,,
574,2023-11-15,pm574,Gothita,,,,,
574,2023-11-15,pm575,Gothita,,,,,
574,2023-11-15,pm576,Gothita,,,,,
577,2023-09-20,pm577,Solosis,,,,,
577,2023-09-20,pm578,Solosis,,,,,
577,2023-09-20,pm579,Solosis,,,,,
580,2024-07-05,pm580,Ducklett,,,,,
580,2024-07-05,pm581,Ducklett,,,,--t: -10%,
582,2023-12-25,pm582,Vanillite,,,,,
582,2023-12-25,pm583,Vanillite,,,,,
582,2023-12-25,pm584,Vanillite,,,,,
585,2025-02-21,pm585.fSPRING,Deerling,,,(🌸),,
585,2025-02-21,pm585.fSUMMER,Deerling,,,(☀️),,
585,2025-02-21,pm585.fAUTUMN,Deerling,,,(🍁),,
585,2025-02-21,pm585.fWINTER,Deerling,,,(❄️),,
585,2025-02-21,pm586.fSPRING,Deerling,,,(🌸),,
585,2025-02-21,pm586.fSUMMER,Deerling,,,(☀️),,
585,2025-02-21,pm586.fAUTUMN,Deerling,,,(🍁),,
585,2025-02-21,pm586.fWINTER,Deerling,,,(❄️),,
587,2024-05-30,pm587,Emolga,,,,,
588,2022-06-04,pm588,Karrablast,,,,,
588,2022-06-04,pm589,Karrablast,,,,--t: -10%,
590,2022-07-01,pm590,Foongus,,,,,
590,2022-07-01,pm591,Foongus,,,,,
592,2023-02-08,pm592,Frillish,,,(♂),--t: -10%,
592,2023-02-08,pm593,Frillish,,,(♂),--w: 100%; --t: 10%; --l: 5%,
592,2023-02-08,pm592.fFEMALE,Frillish,,,(♀),--t: -10%,
592,2023-02-08,pm593.fFEMALE,Frillish,,,(♀),--w: 100%; --t: 5%; --l: 5%,
594,2021-02-14,pm594,Alomomola,,,,--t: -10%,
595,2023-08-27,pm595,Joltik,,,,,
595,2023-08-27,pm596,Joltik,,,,,
597,2020-11-07,pm597,Ferroseed,,,,,
597,2020-11-07,pm598,Ferroseed,,,,,
599,2019-09-16,pm599,Klink,,,,--t: -20%,
599,2019-09-16,pm600,Klink,,,,--t: -20%,
599,2019-09-16,pm601,Klink,,,,--t: -20%,
602,2024-07-21,pm602,Tynamo,,,,,
602,2024-07-21,pm603,Tynamo,,,,,
602,2024-07-21,pm604,Tynamo,,,,,
605,2022-09-06,pm605,Elgyem,,,,,
605,2022-09-06,pm606,Elgyem,,,,,
607,2022-10-15,pm607,Litwick,,,,,
607,2022-10-15,pm608,Litwick,,,,--t: -20%,
607,2022-10-15,pm609,Litwick,,,,--t: -20%,
610,2022-06-04,pm610,Axew,,,,,
610,2022-06-04,pm611,Axew,,,,,
610,2022-06-04,pm612,Axew,,,,,
613,2020-12-18,pm613,Cubchoo,,,,,
613,2020-12-18,pm614,Cubchoo,,,,--w: 100%; --t: 5%; --l: 5%,
613,2020-12-18,pm613.fWINTER_2020,Cubchoo_c20,costume,,Holiday,,
613,2022-12-23,pm614.fWINTER_2020,Cubchoo_c20,costume,,Holiday,--w: 100%; --t: 5%; --l: 5%,
615,2023-12-09,pm615,Cryogonal,,,,--t: -20%,
616,2022-06-04,pm616,Shelmet,,,,,
616,2022-06-04,pm617,Shelmet,,,,,
618,2021-08-20,pm618.fGALARIAN,Stunfisk_G,,,(G),,
618,2023-04-23,pm618,Stunfisk,,,,,
619,2024-08-16,pm619,Meinfoo,,,,,
619,2024-08-16,pm620,Meinfoo,,,,,
621,2021-12-07,pm621,Druddigon,,,,,
622,2023-08-18,pm622,Golett,,,,,
622,2023-08-18,pm623,Golett,,,,--w: 100%; --t: 5%; --l: 5%,
624,2022-11-14,pm624,Pawniard,,,,,
624,2022-11-14,pm625,Pawniard,,,,,
624,2025-05-10,pm983,Pawniard,,,,,
626,2025-02-21,pm626,Bouffalant,,,,,
627,2020-12-13,pm627,Rufflet,,,,,
627,2020-12-13,pm628,Rufflet,,,,--t: -10%,
627,2022-07-31,pm628.fHISUIAN,Rufflet_H,,,(H),--t: -20%,
629,2021-11-09,pm629,Vullaby,,,,,
629,2021-11-09,pm630,Vullaby,,,,--t: 0%,
631,2020-07-25,pm631,Heatmor,,,,,
632,2020-07-25,pm632,Durant,,,,,
633,2020-08-01,pm633,Deino,,,,,
633,2020-08-01,pm634,Deino,,,,,
633,2020-08-01,pm635,Deino,,,,--t: -20%,
636,2024-06-21,pm636,Larvesta,,,,,
636,2024-06-21,pm637,Larvesta,,,,--t: -20%,
638,2020-05-18,pm638,Cobalion,,,,--w: 120%; --t: -10%,
639,2020-05-19,pm639,Terrakion,,,,--w: 120%; --t: -10%,
640,2020-05-13,pm640,Virizion,,,,--w: 120%; --t: -10%,
641,2021-03-06,pm641.fINCARNATE,Tornadus,,,(I),--w: 120%; --t: -10%,
641,2022-03-14,pm641.fTHERIAN,Tornadus,,,(T),--w: 120%; --t: -10%,
642,2021-03-11,pm642.fINCARNATE,Thundurus,,,(I),--w: 120%; --t: -10%,
642,2022-04-05,pm642.fTHERIAN,Thundurus,,,(T),--w: 120%; --t: -10%,
643,2021-12-01,pm643,Reshiram,,,,--w: 120%; --t: -10%,
644,2021-12-01,pm644,Zekrom,,,,--w: 120%; --t: -10%,
645,2021-03-01,pm645.fINCARNATE,Landorus,,,(I),--w: 120%; --t: -10%,
645,2022-04-26,pm645.fTHERIAN,Landorus,,,(T),--w: 120%; --t: -10%,
646,2021-12-16,pm646.fNORMAL,Kyurem,,,,--w: 120%; --t: -10%,
646,2025-02-21,pm646.fWHITE,Kyurem,,,,--w: 120%; --t: -10%,
646,2025-02-21,pm646.fBLACK,Kyurem,,,,--w: 120%; --t: -10%,
647,2025-11-25,pm647.fORDINARY,Keldeo,,,(O),,
647,2025-11-25,pm647.fRESOLUTE,Keldeo,,,(R),,
648,2025-02-21,pm648.fARIA,Meloetta,,,,,
649,2020-08-15,pm649.fNORMAL,Genesect,,,,--w: 120%; --t: -10%,
649,2023-05-02,pm649.fSHOCK,Genesect,,,(⚡),--w: 120%; --t: -10%,
649,2023-09-16,pm649.fBURN,Genesect,,,(🔥),--w: 120%; --t: -10%,
649,2023-11-03,pm649.fDOUSE,Genesect,,,(💧),--w: 120%; --t: -10%,
649,2024-12-03,pm649.fCHILL,Genesect,,,(❄️),--w: 120%; --t: -10%,
650,2023-01-07,pm650,Chespin,,,,,
650,2023-01-07,pm651,Chespin,,,,,
650,2023-01-07,pm652,Chespin,,,,,
653,2023-05-21,pm653,Fennekin,,,,,
653,2023-05-21,pm654,Fennekin,,,,,
653,2023-05-21,pm655,Fennekin,,,,,
656,2023-08-13,pm656,Froakie,,,,,
656,2023-08-13,pm657,Froakie,,,,,
656,2023-08-13,pm658,Froakie,,,,,
656,2024-10-22,pm656.cFALL_2024,Froakie_c24,costume,,Halloween,,
656,2024-10-22,pm657.cFALL_2024,Froakie_c24,costume,,Halloween,,
656,2024-10-22,pm658.cFALL_2024,Froakie_c24,costume,,Halloween,,
659,2021-04-04,pm659,Bunnelby,,,,,
659,2021-04-04,pm660,Bunnelby,,,,,
661,2021-03-06,pm661,Fletchling,,,,,
661,2021-03-06,pm662,Fletchling,,,,--t: 0%,
661,2021-03-06,pm663,Fletchling,,,,--t: 5%,
664,2025-02-18,pm664,Scatterbug,,,,,
664,2025-02-18,pm665,Scatterbug,,,,,
666,2025-02-18,pm666.fARCHIPELAGO,Vivillon,,,(Archipelago),--t: -5%,
666,2025-02-18,pm666.fCONTINENTAL,Vivillon,,,(Continental),--t: -5%,
666,2025-02-18,pm666.fELEGANT,Vivillon,,,(Elegant),--t: -5%,
666,2025-02-18,pm666.fICY_SNOW,Vivillon,,,(Icy Snow),--t: -5%,
666,2025-02-18,pm666.fGARDEN,Vivillon,,,(Garden),--t: -5%,
666,2025-02-18,pm666.fHIGH_PLAINS,Vivillon,,,(High Plains),--t: -5%,
666,2025-02-18,pm666.fJUNGLE,Vivillon,,,(Jungle),--t: -5%,
666,2025-02-18,pm666.fMARINE,Vivillon,,,(Marine),--t: -5%,
666,2025-02-18,pm666.fMEADOW,Vivillon,,,(Meadow),--t: -5%,
666,2025-02-18,pm666.fMODERN,Vivillon,,,(Modern),--t: -5%,
666,2025-02-18,pm666.fMONSOON,Vivillon,,,(Monsoon),--t: -5%,
666,2025-02-18,pm666.fOCEAN,Vivillon,,,(Ocean),--t: -5%,
666,2025-02-18,pm666.fPOLAR,Vivillon,,,(Polar),--t: -5%,
666,2025-02-18,pm666.fRIVER,Vivillon,,,(River),--t: -5%,
666,2025-02-18,pm666.fSANDSTORM,Vivillon,,,(Sandstorm),--t: -5%,
666,2025-02-18,pm666.fSAVANNA,Vivillon,,,(Savanna),--t: -5%,
666,2025-02-18,pm666.fSUN,Vivillon,,,(Sun),--t: -5%,
666,2025-02-18,pm666.fTUNDRA,Vivillon,,,(Tundra),--t: -5%,
667,2022-02-01,pm667,Litleo,,,,,
667,2022-02-01,pm668,Litleo,,,(♂),--w: 120%; --t: -10%,
667,2022-02-01,pm668.fFEMALE,Litleo,,,(♀),--w: 120%; --t: -10%,
669,2024-03-21,pm669.fWHITE,Flabebe,,,(⚪),,
669,2024-03-21,pm669.fORANGE,Flabebe,,,(🟠),,
669,2024-03-21,pm669.fYELLOW,Flabebe,,,(🟡),,
669,2024-03-21,pm669.fRED,Flabebe,,,(🔴),,
669,2024-03-21,pm669.fBLUE,Flabebe,,,(🔵),,
670,2024-03-21,pm670.fWHITE,Floette,,,(⚪),--t: -20%,
670,2024-03-21,pm670.fORANGE,Floette,,,(🟠),--t: -20%,
670,2024-03-21,pm670.fYELLOW,Floette,,,(🟡),--t: -20%,
670,2024-03-21,pm670.fRED,Floette,,,(🔴),--t: -20%,
670,2024-03-21,pm670.fBLUE,Floette,,,(🔵),--t: -20%,
671,2024-03-21,pm671.fWHITE,Florges,,,(⚪),--t: -10%,
671,2024-03-21,pm671.fORANGE,Florges,,,(🟠),--t: -10%,
671,2024-03-21,pm671.fYELLOW,Florges,,,(🟡),--t: -10%,
671,2024-03-21,pm671.fRED,Florges,,,(🔴),--t: -10%,
671,2024-03-21,pm671.fBLUE,Florges,,,(🔵),--t: -10%,
672,2023-10-07,pm672,Skiddo,,,,,
672,2023-10-07,pm673,Skiddo,,,,,
674,2023-06-16,pm674,Pancham,,,,,
674,2023-06-16,pm675,Pancham,,,,,
676,2022-09-27,pm676.fNATURAL,Furfrou,,,Natural,,
676,2022-09-27,pm676.fDEBUTANTE,Furfrou,,,Debutante,,
676,2022-09-27,pm676.fSTAR,Furfrou,,,Star,,
676,2022-09-27,pm676.fDANDY,Furfrou,,,Dandy,,
676,2022-09-27,pm676.fKABUKI,Furfrou,,,Kabuki,,
676,2022-09-27,pm676.fMATRON,Furfrou,,,Matron,,
676,2022-09-27,pm676.fDIAMOND,Furfrou,,,Diamond,,
676,2022-09-27,pm676.fPHARAOH,Furfrou,,,Pharaoh,,
676,2022-09-27,pm676.fLA_REINE,Furfrou,,,La Reine,,
676,2023-02-08,pm676.fHEART,Furfrou,,,Heart,,
677,2022-02-01,pm677,Espurr,,,,,
677,2022-02-01,pm678,Espurr,,,(♂),,
677,2022-02-01,pm678.fFEMALE,Espurr,,,(♀),,
679,2026-02-20,pm679,Honedge,,,,--t: -10%,
679,2026-02-20,pm680,Honedge,,,,--t: -15%,
679,2026-02-20,pm681.fSHIELD,Honedge,,,,,
682,2022-09-24,pm682,Spritzee,,,,--t: -10%,
682,2022-09-24,pm683,Spritzee,,,,,
684,2022-08-05,pm684,Swirlix,,,,,
684,2022-08-05,pm685,Swirlix,,,,,
686,2022-09-03,pm686,Inkay,,,,--t: -10%,
686,2022-09-03,pm687,Inkay,,,,,
686,2026-02-28,pm687.fMEGA,Inkay,,,(M),,
688,2022-05-13,pm688,Binacle,,,,,
688,2022-05-13,pm689,Binacle,,,,,
690,2023-08-18,pm690,Skrelp,,,,,
690,2023-08-18,pm691,Skrelp,,,,,
692,2023-06-06,pm692,Clauncher,,,,,
692,2023-06-06,pm693,Clauncher,,,,--t: -10%,
694,2023-01-27,pm694,Helioptile,,,,,
694,2023-01-27,pm695,Helioptile,,,,,
696,2023-07-27,pm696,Tyrunt,,,,,
696,2023-07-27,pm697,Tyrunt,,,,,
698,2023-07-27,pm698,Amaura,,,,,
698,2023-07-27,pm699,Amaura,,,,,
701,2026-02-20,pm701,Hawlucha,,,,,
702,2023-01-10,pm702,Dedenne,,,,,
702,2024-12-17,pm702.cWINTER_2024,Dedenne_c,costume,,Holiday Attire,,
703,2025-05-29,pm703,Carbink,,,,,
704,2023-08-27,pm704,Goomy,,,,,
704,2023-08-27,pm705,Goomy,,,,,
704,2023-08-27,pm706,Goomy,,,,,
707,2026-02-20,pm707,Klefki,,,,,
708,2023-10-19,pm708,Phantump,,,,,
708,2023-10-19,pm709,Phantump,,,,,
710,2022-10-27,pm710.fSMALL.cFALL_2022,Pumpkaboo_c22,costume,,Halloween,--t: 0%,
710,2022-10-27,pm710.fAVERAGE.cFALL_2022,Pumpkaboo_c22,costume,,Halloween,--t: -5%,
710,2022-10-27,pm710.fLARGE.cFALL_2022,Pumpkaboo_c22,costume,,Halloween,--t: -10%,
710,2022-10-27,pm710.fSUPER.cFALL_2022,Pumpkaboo_c22,costume,,Halloween,--t: -15%,
710,2022-10-27,pm711.fSMALL.cFALL_2022,Pumpkaboo_c22,costume,,Halloween,,
710,2022-10-27,pm711.fAVERAGE.cFALL_2022,Pumpkaboo_c22,costume,,Halloween,,
710,2022-10-27,pm711.fLARGE.cFALL_2022,Pumpkaboo_c22,costume,,Halloween,,
710,2022-10-27,pm711.fSUPER.cFALL_2022,Pumpkaboo_c22,costume,,Halloween,,
710,2023-08-04,pm710.fSMALL,Pumpkaboo,,,,--t: 0%,
710,2023-08-04,pm710.fAVERAGE,Pumpkaboo,,,,--t: -5%,
710,2023-08-04,pm710.fLARGE,Pumpkaboo,,,,--t: -10%,
710,2023-08-04,pm710.fSUPER,Pumpkaboo,,,,--t: -15%,
710,2023-08-04,pm711.fSMALL,Pumpkaboo,,,,,
710,2023-08-04,pm711.fAVERAGE,Pumpkaboo,,,,,
710,2023-08-04,pm711.fLARGE,Pumpkaboo,,,,,
710,2023-08-04,pm711.fSUPER,Pumpkaboo,,,,,
712,2022-12-23,pm712,Bergmite,,,,,
712,2022-12-23,pm713,Bergmite,,,,,
712,2022-12-23,pm713.fHISUIAN,Bergmite,,,(H),,
714,2022-10-20,pm714,Noibat,,,,--t: 0%,
714,2022-10-20,pm715,Noibat,,,,--t: 0%,
714,2025-10-27,pm714.cHALLOWEEN_2025,Noibat_c25,costume,,Headband,--t: 0%,
714,2025-10-27,pm715.cHALLOWEEN_2025,Noibat_c25,costume,,Headband,--t: 0%,
716,2022-10-08,pm716,Xerneas,,,,,
717,2022-09-27,pm717,Yveltal,,,,,
718,,pm718,Zygarde,,,,,
719,2026-02-28,pm719,Diancie,,,,,
719,2026-02-28,pm719.fMEGA,Diancie,,,(M),,
722,2024-01-06,pm722,Rowlet,,,,,
722,2024-01-06,pm723,Rowlet,,,,,
722,2024-01-06,pm724,Rowlet,,,,,
722,2024-02-11,pm724.fHISUIAN,Rowlet_H,,,(H),,
722,2024-10-22,pm722.cFALL_2024,Rowlet_c24,costume,,Halloween,,
722,2024-10-22,pm723.cFALL_2024,Rowlet_c24,costume,,Halloween,,
722,2024-10-22,pm724.cFALL_2024,Rowlet_c24,costume,,Halloween,,
725,2024-03-16,pm725,Litten,,,,,
725,2024-03-16,pm726,Litten,,,,,
725,2024-03-16,pm727,Litten,,,,,
728,2024-08-31,pm728,Popplio,,,,,
728,2024-08-31,pm729,Popplio,,,,,
728,2024-08-31,pm730,Popplio,,,,,
731,2025-11-30,pm731,Pikipek,,,,,
731,2025-11-30,pm732,Pikipek,,,,,
731,2025-11-30,pm733,Pikipek,,,,,
734,2022-03-01,pm734,Yungoos,,,,,
734,2022-03-01,pm735,Yungoos,,,,,
736,2023-09-23,pm736,Grubbin,,,,,
736,2023-09-23,pm737,Grubbin,,,,,
736,2023-09-23,pm738,Grubbin,,,,--t: 0%,
737,2025-12-18,pm737.fWINTER_2025,Charjabug_c25,costume,,Holiday Attire,,
737,2025-12-18,pm738.fWINTER_2025,Charjabug_c25,costume,,Holiday Attire,--t: 0%,
739,2024-06-14,pm739,Crabrawler,,,,,
739,2024-06-14,pm740,Crabrawler,,,,,
741,2024-02-13,pm741.fBAILE,Oricorio,,,Baile,,
741,2024-02-13,pm741.fPAU,Oricorio,,,Pau,,
741,2024-02-13,pm741.fPOMPOM,Oricorio,,,Pompom,,
741,2024-02-13,pm741.fSENSU,Oricorio,,,Sensu,,
742,2024-01-13,pm742,Cutiefly,,,,--t: 0%,
742,2024-01-13,pm743,Cutiefly,,,,--t: 0%,
744,2022-03-01,pm744,Rockruff,,,,,
744,2022-03-01,pm745.fMIDNIGHT,Rockruff,,,(🌙),,
744,2022-03-01,pm745.fMIDDAY,Rockruff,,,(☀️),,
744,2023-01-06,pm745.fDUSK,Rockruff,,,(🌓),,
747,2024-05-23,pm747,Mareanie,,,,,
747,2024-05-23,pm748,Mareanie,,,,,
749,2025-03-29,pm749,Mudbray,,,,,
749,2025-03-29,pm750,Mudbray,,,,,
751,2023-08-04,pm751,Dewpider,,,,,
751,2023-08-04,pm752,Dewpider,,,,,
753,2023-06-16,pm753,Fomantis,,,,,
753,2023-06-16,pm754,Fomantis,,,,,
755,2023-11-07,pm755,Morelull,,,,,
755,2023-11-07,pm756,Morelull,,,,,
757,2025-08-11,pm757,Salandit,,,,,
757,2025-08-11,pm758,Salandit,,,,,
759,2022-04-23,pm759,Stufful,,,,,
759,2022-04-23,pm760,Stufful,,,,--w: 110%; --t: 10%; --l: 5%,
760,2025-11-07,pm760.fWILDAREA_2025,Bewear_cape,costume,,"Wilderness
Cape",--w: 100%; --t: 15%; --l: 5%,
761,2024-05-19,pm761,Bounsweet,,,,,
761,2024-05-19,pm762,Bounsweet,,,,,
761,2024-05-19,pm763,Bounsweet,,,,,
764,,pm764,Comfey,,,,,
765,2023-08-27,pm765,Oranguru,,,,,
766,2024-09-22,pm766,Passimian,,,,,
767,2024-04-04,pm767,Wimpod,,,,,
767,2024-04-04,pm768,Wimpod,,,,--w: 110%; --t: 0%; --l: 5%,
769,2024-12-17,pm769,Sandygast,,,,,
769,2024-12-17,pm770,Sandygast,,,,,
771,,pm771,Pyukumuku,,,,,
772,,pm772,Type: Null,,,,,
773,,pm773,Silvally,,,,,
774,,pm774,Minior,,,,,
775,2024-06-07,pm775,Komala,,,,,
776,2023-06-29,pm776,Turtonator,,,,,
777,2024-07-25,pm777,Togedemaru,,,,,
778,,pm778,Mimikyu,,,,,
779,2025-03-13,pm779,Bruxish,,,,--t: -15%;--l: -10%,
780,2023-02-05,pm780,Drampa,,,,,
781,2026-01-06,pm781,Dhelmise,,,,--w: 110%; --t: 10%; --l: 5%,
782,2024-07-08,pm782,Jangmo-o,,,,,
782,2024-07-08,pm783,Jangmo-o,,,,,
782,2024-07-08,pm784,Jangmo-o,,,,,
785,2023-01-26,pm785,Tapu,,,,--t: -20%,
785,2023-02-08,pm786,Tapu,,,,--t: -20%,
785,2023-04-17,pm787,Tapu,,,,--t: -10%,
785,2023-05-11,pm788,Tapu,,,,--t: -20%,
789,,pm789,Cosmog,,,,,
790,,pm790,Cosmoem,,,,,
791,,pm791,Solgaleo,,,,,
792,,pm792,Lunala,,,,,
793,2023-06-16,pm793,Nihilego,,,,--t: -10%,
794,2024-07-05,pm794,Buzzwole,,,,--t: 0%,
795,2024-06-14,pm795,Pheromosa,,,,--t: 0%,
796,2024-05-30,pm796,Xurkitree,,,,--t: 0%,
797,2024-04-04,pm797,Celesteela,,,,,
798,2024-04-04,pm798,Kartana,,,,,
799,2023-10-06,pm799,Guzzlord,,,,,
800,2024-05-30,pm800,Necrozma,,,,,
800,2024-05-30,pm800.fDAWN_WINGS,Necrozma,,,(DW),,
800,2024-05-30,pm800.fDUSK_MANE,Necrozma,,,(DM),,
801,,pm801,Magearna,,,,,
802,,pm802,Marshadow,,,,,
803,,pm803,Poipole,,,,,
804,,pm804,Naganadel,,,,,
805,2025-04-09,pm805,Stakataka,,,,--w: 120%;--t: 5%,
806,2025-04-09,pm806,Blacephalon,,,,--w: 120%;--t: 5%,
807,,pm807,Zeraora,,,,,
808,2019-02-05,pm808,Meltan,,,,,
808,2019-02-05,pm809,Meltan,,,,,
810,2026-01-18,pm810,Grookey,,,,,
810,2026-01-18,pm811,Grookey,,,,,
810,2026-01-18,pm812,Grookey,,,,,
813,2026-03-14,pm813,Scorbunny,,,,,
813,2026-03-14,pm814,Scorbunny,,,,,
813,2026-03-14,pm815,Scorbunny,,,,,
816,,pm816,Sobble,,,,,
817,,pm817,Drizzile,,,,,
818,,pm818,Inteleon,,,,,
819,2024-09-03,pm819,Skwovet,,,,,
819,2024-09-03,pm820,Skwovet,,,,,
821,2025-07-22,pm821,Rookidee,,,,,
821,2025-07-22,pm822,Rookidee,,,,--t: -20%,
821,2025-07-22,pm823,Rookidee,,,,--w: 130%;--t: 5%,
824,,pm824,Blipbug,,,,,
825,,pm825,Dottler,,,,,
826,,pm826,Orbeetle,,,,,
827,,pm827,Nickit,,,,,
828,,pm828,Thievul,,,,,
829,,pm829,Gossifleur,,,,,
830,,pm830,Eldegoss,,,,,
831,2024-09-03,pm831,Wooloo,,,,,
831,2024-09-03,pm832,Wooloo,,,,,
831,2024-12-22,pm831.cWINTER_2024,Wooloo_c24,costume,,"Holiday
Attire",,
831,2024-12-22,pm832.cWINTER_2024,Wooloo_c24,costume,,"Holiday
Attire",,
833,,pm833,Chewtle,,,,,
834,,pm834,Drednaw,,,,,
835,,pm835,Yamper,,,,,
836,,pm836,Boltund,,,,,
837,,pm837,Rolycoly,,,,,
838,,pm838,Carkol,,,,,
839,,pm839,Coalossal,,,,,
840,,pm840,Applin,,,,,
841,,pm841,Flapple,,,,,
842,,pm842,Appletun,,,,,
843,,pm843,Silicobra,,,,,
844,,pm844,Sandaconda,,,,,
845,,pm845,Cramorant,,,,,
846,,pm846,Arrokuda,,,,,
847,,pm847,Barraskewda,,,,,
848,2024-11-16,pm848,Toxel,baby,-1,,,
848,2024-11-16,pm849.fLOW_KEY,Toxel,,,,,
848,2024-11-16,pm849.fAMPED,Toxel,,,,,
848,2024-11-16,pm849.fGIGANTAMAX,Toxel,,,(GM),--w: 115%; --t: -5%,
850,2026-03-17,pm850,Sizzlipede,,,,,
850,2026-03-17,pm851,Sizzlipede,,,,,
852,,pm852,Clobbopus,,,,,
853,,pm853,Grapploct,,,,,
854,2025-10-21,pm854.fANTIQUE,Sinistea_A,,,Antique,,
854,2025-10-21,pm855.fANTIQUE,Sinistea_A,,,Antique,,
854,2025-10-21,pm854.fPHONY,Sinistea_P,,,Phony,,
854,2025-10-21,pm855.fPHONY,Sinistea_P,,,Phony,,
856,2025-11-07,pm856,Hatenna,,,,,
856,2025-11-07,pm857,Hatenna,,,,,
856,2025-11-07,pm858,Hatenna,,,,,
859,2025-11-07,pm859,Impidimp,,,,,
859,2025-11-07,pm860,Impidimp,,,,,
859,2025-11-07,pm861,Impidimp,,,,,
859,2025-11-07,pm861.fGIGANTAMAX,Impidimp,,,(GM),--w: 100%; --t: 5%; --l: 5%,
868,,pm868,Milcery,,,,,
869,,pm869,Alcremie,,,,,
870,2024-09-08,pm870,Falinks,,,,,
870,2025-05-29,pm870.fGOFEST_2025_TRAIN_CONDUCTOR,Falinks_Train,costume,,Train,,
870,2026-05-23,pm870.fMEGA,Falinks,,,(M),,
871,,pm871,Pincurchin,,,,,
872,,pm872,Snom,,,,,
873,,pm873,Frosmoth,,,,,
874,,pm874,Stonjourner,,,,,
875,,pm875,Eiscue,,,,,
876,2025-09-16,pm876.fMALE,Indeedee,,,(♂),,
876,2025-09-16,pm876.fFEMALE,Indeedee,,,(♀),,
877,2025-11-18,pm877.fFULL_BELLY,Morpeko,,,(F),,
878,,pm878,Cufant,,,,,
879,,pm879,Copperajah,,,,,
880,,pm880,Dracozolt,,,,,
881,,pm881,Arctozolt,,,,,
882,,pm882,Dracovish,,,,,
883,,pm883,Arctovish,,,,,
884,2025-09-30,pm884,Duraludon,,,,--w: 100%; --t: 5%; --l: 5%,
885,,pm885,Dreepy,,,,,
886,,pm886,Drakloak,,,,,
887,,pm887,Dragapult,,,,,
888,2024-09-26,pm888.fHERO,Zacian,,,Hero,--w: 100%; --t: 5%; --l: 5%,
888,2025-05-29,pm888.fCROWNED_SWORD,Zacian,,,"Crowned
Sword",--w: 100%; --t: 5%; --l: 5%,
889,2024-09-26,pm889.fHERO,Zamazenta,,,Hero,--w: 100%; --t: 5%; --l: 5%,
889,2025-05-29,pm889.fCROWNED_SHIELD,Zamazenta,,,"Crowned
Shield",--w: 100%; --t: 5%; --l: 5%,
890,,pm890,Eternatus,,,,,
891,,pm891,Kubfu,,,,,
892,,pm892,Urshifu,,,,,
893,,pm893,Zarude,,,,,
894,2024-11-27,pm894,Regieleki,,,,--t: -10%,
895,2024-11-27,pm895,Regidrago,,,,--t: -10%,
896,,pm896,Glastrier,,,,,
897,,pm897,Spectrier,,,,,
898,,pm898,Calyrex,,,,,
899,2023-12-23,pm899,Wyrdeer,,,,,
900,2023-05-06,pm900,Kleavor,,,,,
902,,pm902,Basculegion,,,,,
906,2025-01-05,pm906,Sprigatito,,,,,
906,2025-01-05,pm907,Sprigatito,,,,,
906,2025-01-05,pm908,Sprigatito,,,,,
906,2025-04-16,pm907.cHORIZONS_2025_NOEVOLVE,Sprigatito_c25,costume,,Liko's Hat,,
909,2025-03-08,pm909,Fuecoco,,,,,
909,2025-03-08,pm910,Fuecoco,,,,,
909,2025-03-08,pm911,Fuecoco,,,,,
912,2025-07-20,pm912,Quaxly,,,,,
912,2025-07-20,pm913,Quaxly,,,,,
912,2025-07-20,pm914,Quaxly,,,,,
915,2023-09-05,pm915,Lechonk,,,,,
915,2023-09-05,pm916,Lechonk,,,(♂),,
915,2023-09-05,pm916.fFEMALE,Lechonk,,,(♀),,
919,2025-02-05,pm919,Nymble,,,,,
919,2025-02-05,pm920,Nymble,,,,,
921,2025-05-11,pm921,Pawmi,,,,,
921,2025-05-11,pm922,Pawmi,,,,,
921,2025-05-11,pm923,Pawmi,,,,,
924,2025-08-06,pm924,Tandemaus,,,,,
924,2025-08-06,pm925.fFAMILY_OF_THREE,Tandemaus,,,(3),,
924,2025-08-06,pm925.fFAMILY_OF_FOUR,Tandemaus,,,(4),,
926,2026-01-20,pm926,Fidough,,,,,
926,2026-01-20,pm927,Fidough,,,,,
928,2024-11-07,pm928,Smoliv,,,,,
928,2024-11-07,pm929,Smoliv,,,,,
928,2024-11-07,pm930,Smoliv,,,,,
935,2025-03-05,pm935,Charcadet,,,,,
935,2025-03-05,pm936,Charcadet,,,,,
935,2025-03-05,pm937,Charcadet,,,,,
938,2026-01-13,pm938,Tadbulb,,,,,
938,2026-01-13,pm939,Tadbulb,,,,,
948,2026-04-14,pm948,Toedscool,,,,,
948,2026-04-14,pm949,Toedscool,,,,,
957,2025-11-07,pm957,Tinkatink,,,,,
957,2025-11-07,pm958,Tinkatink,,,,,
957,2025-11-07,pm959,Tinkatink,,,,,
960,2025-07-29,pm960,Wiglett,,,,,
960,2025-07-29,pm961,Wiglett,,,,,
962,2023-09-10,pm962,Bombirdier,,,,--t: -10%,
965,2026-04-30,pm965,Varoom,,,,--t: -10%,
965,2026-04-30,pm966,Varoom,,,,--t: -10%,
968,2026-04-28,pm968,Orthworm,,,,,
974,2024-12-22,pm974,Cetoddle,,,,,
974,2024-12-22,pm975,Cetoddle,,,,,
977,2025-08-25,pm977,Dondozo,,,,--w: 100%; --t: 5%,
996,2025-05-29,pm996,Frigibax,,,,,
996,2025-05-29,pm997,Frigibax,,,,,
996,2025-05-29,pm998,Frigibax,,,,,
999,2025-07-01,pm999,Gimmighoul,,,,,
999,2025-07-01,pm999.fCOIN_A1,Gimmighoul,costume,,(9),,
999,2025-07-01,pm1000,Gimmighoul,,,,,