family_dex,debut,pid,group,_index,tag,order,suffix,style,src
1,2018-03-25,pm1,Bulbasaur,0,,,,,
1,2018-03-25,pm2,Bulbasaur,4,,,,,
1,2018-03-25,pm3,Bulbasaur,5,,,,,
1,2018-03-25,pm3.fMEGA,Bulbasaur,6,,,(M),,
1,2019-10-17,pm1.fFALL_2019,Bulbasaur_c19,1,costume,,,,
1,2020-02-25,pm1.cJAN_2020_NOEVOLVE,Bulbasaur_c20_1,2,costume,,,,
1,2020-07-25,pm1.cSPRING_2020_NOEVOLVE,Bulbasaur_c20_2,3,costume,,,,
1,2024-10-26,pm3.fGIGANTAMAX,Bulbasaur,1349,,,(GM),--w: 115%; --t: -5%,
1,2025-07-01,pm2.cJAN_2020_NOEVOLVE,Bulbasaur_c20_1,1347,costume,,,,
1,2025-07-01,pm3.cJAN_2020_NOEVOLVE,Bulbasaur_c20_1,1348,costume,,,,
4,2018-05-19,pm4,Charmander,7,,,,,
4,2018-05-19,pm5,Charmander,13,,,,,
4,2018-05-19,pm6,Charmander,14,,,,--t: -5%,
4,2018-05-19,pm6.fMEGA_X,Charmander,15,,,(M-X),--t: -0%,
4,2018-05-19,pm6.fMEGA_Y,Charmander,16,,,(M-Y),--t: -0%,
4,2019-10-17,pm4.fFALL_2019,Charmander_c19,8,costume,,,,
4,2020-02-25,pm4.cJAN_2020_NOEVOLVE,Charmander_c20_1,9,costume,,,,
4,2020-07-25,pm4.cSPRING_2020_NOEVOLVE,Charmander_c20_2,12,costume,,,,
4,2022-07-06,pm5.cJAN_2020_NOEVOLVE,Charmander_c20_1,10,costume,,,,
4,2022-07-06,pm6.cJAN_2020_NOEVOLVE,Charmander_c20_1,11,costume,,,--t: -5%,
4,2024-10-26,pm6.fGIGANTAMAX,Charmander,1350,,,(GM),--w: 115%; --t: -5%,
7,2018-07-08,pm7,Squirtle,17,,,,,
7,2018-07-08,pm8,Squirtle,18,,,,,
7,2018-07-08,pm9,Squirtle,19,,,,,
7,2018-07-08,pm9.fMEGA,Squirtle,20,,,(M),,
7,2018-07-08,pm7.cSUMMER_2018,Squirtle_c18,21,costume,,,,
7,2018-07-08,pm8.cSUMMER_2018,Squirtle_c18,22,costume,,,,
7,2018-07-08,pm9.cSUMMER_2018,Squirtle_c18,23,costume,,,,
7,2019-10-17,pm7.fFALL_2019,Squirtle_c19,24,costume,,,,
7,2020-02-25,pm7.cJAN_2020_NOEVOLVE,Squirtle_c20_1,25,costume,,,,
7,2020-07-25,pm7.cSPRING_2020_NOEVOLVE,Squirtle_c20_2,28,costume,,,,
7,2023-07-03,pm8.cJAN_2020_NOEVOLVE,Squirtle_c20_1,26,costume,,,,
7,2023-07-03,pm9.cJAN_2020_NOEVOLVE,Squirtle_c20_1,27,costume,,,,
7,2024-10-26,pm9.fGIGANTAMAX,Squirtle,1351,,,(GM),--w: 115%; --t: -5%,
10,2018-11-01,pm10,Caterpie,29,,,,,
10,2018-11-01,pm11,Caterpie,30,,,,,
10,2018-11-01,pm12,Caterpie,31,,,,--l: -15%; --t: -5%,
10,2021-09-21,pm12.cFASHION_2021_NOEVOLVE,Caterpie_c21,32,costume,,,--l: -15%; --t: -5%,
12,2025-08-03,pm12.fGIGANTAMAX,Caterpie,1352,,,(GM),--w: 115%; --t: -5%,
13,2020-06-19,pm13,Weedle,33,,,,,
13,2020-06-19,pm14,Weedle,34,,,,,
13,2020-06-19,pm15,Weedle,35,,,,,
13,2020-06-19,pm15.fMEGA,Weedle,36,,,(M),,
16,2019-02-26,pm16,Pidgey,37,,,,,
16,2019-02-26,pm17,Pidgey,38,,,,--t: -5%,
16,2019-02-26,pm18,Pidgey,39,,,,--t: -5%,
16,2019-02-26,pm18.fMEGA,Pidgey,40,,,(M),--t: -5%,
19,2019-02-26,pm19,Rattata,41,,,,,
19,2019-02-26,pm20,Rattata,42,,,,,
19,2019-02-26,pm20.cJAN_2020_NOEVOLVE,Rattata_c20,43,costume,,,,
19,2019-06-28,pm19.fALOLA,Rattata_A,44,,,(A),,
19,2019-06-28,pm20.fALOLA,Rattata_A,45,,,(A),,
21,2021-02-20,pm21,Spearow,46,,,,,
21,2021-02-20,pm22,Spearow,47,,,,,
23,2019-07-25,pm23,Ekans,48,,,,,
23,2019-07-25,pm24,Ekans,49,,,,,
25,2016-12-25,pm25.cHOLIDAY_2016,Pikachu_20161225,60,costume,,"
Holiday Hat",,
25,2016-12-25,pm26.cHOLIDAY_2016,Pikachu_20161225,61,costume,,"
Holiday Hat",,
25,2016-12-25,pm172.cHOLIDAY_2016,Pikachu_20161225,328,baby=costume,-1,"
Holiday Hat",,
25,2017-02-26,pm25.cANNIVERSARY,Pikachu_20170226,52,costume,,"
Party Hat",,
25,2017-02-26,pm26.cANNIVERSARY,Pikachu_20170226,53,costume,,"
Party Hat",,
25,2017-02-26,pm172.cANNIVERSARY,Pikachu_20170226,323,baby=costume,-1,"
Party Hat",,
25,2017-06-06,pm25.cONE_YEAR_ANNIVERSARY,Pikachu_20170606,54,costume,,"
Original
Cap",,
25,2017-06-06,pm172.cONE_YEAR_ANNIVERSARY,Pikachu_20170606,324,baby=costume,-1,"
Original
Cap",,
25,2017-08-15,pm25,Pikachu_20170815,50,,,,,
25,2017-08-15,pm26,Pikachu_20170815,51,,,,,
25,2017-08-15,pm172,Pikachu_20170815,322,baby,-1,,,
25,2017-10-20,pm25.cHALLOWEEN_2017,Pikachu_20171020,58,costume,,"
Halloween
Hat",,
25,2017-10-20,pm26.cHALLOWEEN_2017,Pikachu_20171020,59,costume,,"
Halloween
Hat",,
25,2017-10-20,pm172.cHALLOWEEN_2017,Pikachu_20171020,325,baby=costume,-1,"
Halloween
Hat",,
25,2018-07-05,pm25.cSUMMER_2018,Pikachu_20180705,62,costume,,"
Summer
Style",,
25,2018-07-05,pm26.cSUMMER_2018,Pikachu_20180705,63,costume,,"
Summer
Style",,
25,2018-07-05,pm172.cSUMMER_2018,Pikachu_20180705,326,baby=costume,-1,"
Summer
Style",,
25,2018-10-05,pm25.cFALL_2018,Pikachu_20181005,56,costume,,"
HF Custom Cap",,
25,2018-10-05,pm26.cFALL_2018,Pikachu_20181005,57,costume,,"
HF Custom Cap",,
25,2018-11-23,pm26.fALOLA,Pikachu_20181123,70,,,(A),--t: -10%,
25,2019-02-26,pm25.cNOVEMBER_2018,Pikachu_20190226,64,costume,,"
Flower Crown",,
25,2019-02-26,pm26.cNOVEMBER_2018,Pikachu_20190226,65,costume,,"
Flower Crown",,
25,2019-02-26,pm172.cNOVEMBER_2018,Pikachu_20190226,329,baby=costume,-1,"
Flower Crown",,
25,2019-05-07,pm25.cFEB_2019,Pikachu_20190507,1516,costume,,"♂
Detective",,
25,2019-06-06,pm26.cONE_YEAR_ANNIVERSARY,Pikachu_20170606,55,costume,,"
Original
Cap",,
25,2019-07-22,pm25.cMAY_2019_NOEVOLVE,Pikachu_20190722,68,costume,,"
Straw Hat",,
25,2019-10-17,pm25.fFALL_2019,Pikachu_20191017,69,costume,,"
Mimikyu
Costume",,
25,2019-12-24,pm25.cWINTER_2018,Pikachu_20191224,66,costume,,"
Beanie Hat",,
25,2019-12-24,pm26.cWINTER_2018,Pikachu_20191224,67,costume,,"
Beanie Hat",,
25,2019-12-24,pm172.cWINTER_2018,Pikachu_20191224,327,baby=costume,-1,"
Beanie Hat",,
25,2020-02-25,pm25.cJAN_2020_NOEVOLVE,Pikachu_20200225,71,costume,,"
Spotted
Party Hat",,
25,2020-03-27,pm25.cSAFARI_2020_NOEVOLVE,Pikachu_20200327,72,costume,,"
Safari Hat",,
25,2020-04-09,pm25.cAPRIL_2020_NOEVOLVE,Pikachu_20200409,73,costume,,"
Flower Hat",,
25,2020-05-01,pm25.cKANTO_2020_NOEVOLVE,Pikachu_20200501,74,costume,,"
Charizard Hat",,
25,2020-05-08,pm25.cJOHTO_2020_NOEVOLVE,Pikachu_20200508,75,costume,,"
Umbreon Hat",,
25,2020-05-15,pm25.cHOENN_2020_NOEVOLVE,Pikachu_20200515,76,costume,,"
Rayquaza Hat",,
25,2020-05-22,pm25.cSINNOH_2020_NOEVOLVE,Pikachu_20200522a,77,costume,,"
Lucario Hat",,
25,2020-05-22,pm25.fCOSTUME_2020,Pikachu_20200522b,78,costume,,"
4ᵗʰ Anniversary
Balloons",,
25,2020-10-06,pm25.cCOSTUME_1,Pikachu_20201006,79,costume,,"
World Cap",,
25,2020-10-06,pm26.cCOSTUME_1,Pikachu_20201006,80,costume,,"
World Cap",,
25,2020-12-14,pm25.fADVENTURE_HAT_2020,Pikachu_20201214,81,costume,,"
Adventure Hat",,
25,2020-12-22,pm25.fWINTER_2020,Pikachu_20201222,82,costume,,"
Winter Carnival",,
25,2020-12-29,pm25.fVS_2019,Pikachu_20201229a,85,costume,,"
Libre",,
25,2020-12-29,pm25.cCOSTUME_2,Pikachu_20201229b,83,costume,,"
New Year's Hat",,
25,2020-12-29,pm26.cCOSTUME_2,Pikachu_20201229b,84,costume,,"
New Year's Hat",,
25,2020-12-29,pm172.cCOSTUME_2,Pikachu_20201229b,330,baby=costume,-1,"
New Year's Hat",,
25,2021-07-06,pm25.fFLYING_5TH_ANNIV,Pikachu_20210706,86,costume,,"
5ᵗʰ Anniversary
Balloon",,
25,2021-07-17,pm25.cGOFEST_2021_NOEVOLVE,Pikachu_20210717,87,costume,,"
Meloetta Hat",,
25,2021-10-15,pm25.cHALLOWEEN_2021_NOEVOLVE,Pikachu_20211015,88,costume,,"
Halloween
Mischief",,
25,2022-03-19,pm25.fKARIYUSHI,Pikachu_20220319,89,costume,,"
Kariyushi
Shirt",,
25,2022-05-03,pm25.fFLYING_OKINAWA,Pikachu_20220503,90,costume,,"
Okinawa
Orange
Balloons",,
25,2022-06-04,pm25.cGOFEST_2022_NOEVOLVE,Pikachu_20220604,91,costume,,"
Gracidea Flower",,
25,2022-06-16,pm25.cTCG_2022_NOEVOLVE,Pikachu_20220616,92,costume,,"
TCG Hat",,
25,2022-07-06,pm25.cANNIVERSARY_2022_NOEVOLVE,Pikachu_20220706,93,costume,,"
Cake Costume",,
25,2022-08-27,pm25.fGOFEST_2022,Pikachu_20220827a,94,costume,,"
Shaymin Scarf",,
25,2022-08-27,pm25.fWCS_2022,Pikachu_20220827b,95,costume,,"
WC 2022",,
25,2022-10-20,pm25.fFLYING_01,Pikachu_20221020b,96,costume,,"
Green
Balloons",,
25,2022-10-20,pm25.fTSHIRT_01,Pikachu_20221020a,97,costume,,"
Green T-Shirt
(Berry)",,
25,2022-11-24,pm25.fFLYING_02,Pikachu_20221124b,99,costume,,"
Purple
Balloons",,
25,2022-11-24,pm25.fTSHIRT_02,Pikachu_20221124a,98,costume,,"
Purple T-Shirt
(Flower)",,
25,2022-12-31,pm25.cJAN_2023_NOEVOLVE,Pikachu_20221231a,100,costume,,"
Party Top Hat",,
25,2022-12-31,pm25.cGOTOUR_2023_HAT,Pikachu_20221231b,101,costume,,"
Brendan's Hat",,
25,2022-12-31,pm25.cGOTOUR_2023_BANDANA,Pikachu_20221231b,102,costume,,"
May's Bow",,
25,2023-04-04,pm25.cSPRING_2023,Pikachu_20230404,103,costume,,"
Cherry Blossom",,
25,2023-04-04,pm26.cSPRING_2023,Pikachu_20230404,110,costume,,"
Cherry Blossom",,
25,2023-04-04,pm172.cSPRING_2023,Pikachu_20230404,331,baby=costume,-1,"
Cherry Blossom",,
25,2023-07-28,pm25.fJEJU,Pikachu_20230728a,104,costume,,"
Blue T-Shirt
(Citrus)",,
25,2023-07-28,pm25.fFLYING_03,Pikachu_20230728b,1221,costume,,"
Orange
Balloons",,
25,2023-08-04,pm25.fSUMMER_2023_E,Pikachu_20230804,105,costume,,"
Amethyst
Crown",,
25,2023-08-04,pm25.fSUMMER_2023_A,Pikachu_20230804,106,costume,,"
Malachite
Crown",,
25,2023-08-04,pm25.fSUMMER_2023_B,Pikachu_20230804,107,costume,,"
Aquamarine
Crown",,
25,2023-08-04,pm25.fSUMMER_2023_C,Pikachu_20230804,108,costume,,"
Quartz
Crown",,
25,2023-08-04,pm25.fSUMMER_2023_D,Pikachu_20230804,109,costume,,"
Pyrite
Crown",,
25,2023-08-23,pm25.fWCS_2023,Pikachu_20230823,1214,costume,,"
WC 2023",,
25,2023-10-05,pm25.cPI,Pikachu_20231005,1226,costume,,"
Detective",,
25,2023-10-05,pm26.cPI,Pikachu_20231005,1227,costume,,"
Detective",,
25,2023-10-26,pm25.cFALL_2023_NOEVOLVE,Pikachu_20231026,1223,costume,,"
Tricks & Treats",,
25,2023-12-18,pm25.cHOLIDAY_2023,Pikachu_20231218,1224,costume,,"
Holiday Outfit",,
25,2023-12-18,pm26.cHOLIDAY_2023,Pikachu_20231218,1225,costume,,"
Holiday Outfit",,
25,2024-02-17,pm25.fGOTOUR_2024_A,Pikachu_20240217,1217,costume,,"
Lucas' Cap",,
25,2024-02-17,pm25.fGOTOUR_2024_A_02,Pikachu_20240217,1218,costume,,"
Hilda's Hat",,
25,2024-02-17,pm25.fGOTOUR_2024_B,Pikachu_20240217,1219,costume,,"
Rei's Cap",,
25,2024-02-17,pm25.fGOTOUR_2024_B_02,Pikachu_20240217,1220,costume,,"
Akari's Kerchief",,
25,2024-03-02,pm25.fFLYING_04,Pikachu_20240302b,1222,costume,,"
Black
Balloons",,
25,2024-03-02,pm25.fTSHIRT_03,Pikachu_20240302a,1216,costume,,"
Batik Shirt",,
25,2024-03-05,pm25.fHORIZONS,Pikachu_20240305,1228,costume,,"
Captains Hat",,
25,2024-05-30,pm25.fGOFEST_2024_MTIARA,Pikachu_20240530,1229,costume,,"
Moon Crown",,
25,2024-05-30,pm25.fGOFEST_2024_STIARA,Pikachu_20240530,1230,costume,,"
Sun Crown",,
25,2024-08-16,pm25.fWCS_2024,Pikachu_20240816,1215,costume,,"
WC 2024",,
25,2024-11-01,pm25.fDIWALI_2024,Pikachu_20241101,1359,costume,,"
Saree",,
25,2024-11-16,pm25.fPOP_STAR,Pikachu_20241116,1357,costume,,"
Pop Star",,
25,2024-11-16,pm25.fROCK_STAR,Pikachu_20241116,1358,costume,,"
Rock Star",,
25,2025-02-21,pm25.fGOTOUR_2025_A,Pikachu_20250221,1353,costume,,"
Hilbert's Hat",,
25,2025-02-21,pm25.fGOTOUR_2025_A_02,Pikachu_20250221,1354,costume,,"
Hilda's Hat",,
25,2025-02-21,pm25.fGOTOUR_2025_B,Pikachu_20250221,1355,costume,,"
Nate's Visor",,
25,2025-02-21,pm25.fGOTOUR_2025_B_02,Pikachu_20250221,1356,costume,,"
Rosa's Visor",,
25,2025-03-13,pm25.fKURTA,Pikachu_20250313,1360,costume,,"
Kurta",,
25,2025-05-29,pm25.fGOFEST_2025_MONOCLE_RED,Pikachu_20250529,1361,costume,,"
Red Formal",,
25,2025-05-29,pm25.fGOFEST_2025_MONOCLE_YELLOW,Pikachu_20250529,1362,costume,,"
Yellow Formal",,
25,2025-05-29,pm25.fGOFEST_2025_MONOCLE_BLUE,Pikachu_20250529,1363,costume,,"
Blue Formal",,
25,2025-06-28,pm25.fGOFEST_2025_GOGGLES_RED,Pikachu_20250529,1364,costume,,"
Red Dapper",,
25,2025-06-28,pm25.fGOFEST_2025_GOGGLES_YELLOW,Pikachu_20250529,1365,costume,,"
Yellow Dapper",,
25,2025-06-28,pm25.fGOFEST_2025_GOGGLES_BLUE,Pikachu_20250529,1366,costume,,"
Blue Dapper",,
25,2025-08-04,pm25.cINDONESIA_2025_NOEVOLVE,Pikachu_20250804,1367,costume,,"
Indonesia Jersey",,
25,2025-08-15,pm25.fWCS_2025,Pikachu_20250815,1368,costume,,"
Varsity Jacket",,
25,2026-02-23,pm25.fGOTOUR_2026_A_02,Pikachu_20260223,1522,costume,,"
Leaf's Hat",,
25,2026-02-23,pm25.fGOTOUR_2026_A,Pikachu_20260223,1523,costume,,"
Red's Hat",,
25,2026-02-24,pm25.fGOTOUR_2026_B,Pikachu_20260223,1524,costume,,"
Ethan's Hat",,
25,2026-02-24,pm25.fGOTOUR_2026_B_02,Pikachu_20260223,1525,costume,,"
Lyra's Hat",,
25,2026-02-28,pm25.fGOTOUR_2026_C,Pikachu_20260223,1526,costume,,"
Calem's Hat",,
25,2026-02-28,pm25.fGOTOUR_2026_C_02,Pikachu_20260223,1527,costume,,"
Serena's Hat",,
25,2026-03-28,pm25.fGIGANTAMAX,Pikachu_20170815,1528,,,(GM),,
25,2026-04-03,pm25.fBB_2026,Pikachu_20260403,1543,costume,,"
Baseball Jersey",,
27,2018-12-06,pm27,Sandshrew,111,,,,,
27,2018-12-06,pm28,Sandshrew,112,,,,,
27,2019-06-28,pm27.fALOLA,Sandshrew_A,113,,,(A),,
27,2019-06-28,pm28.fALOLA,Sandshrew_A,114,,,(A),,
29,2018-10-11,pm29,Nidoran_Female,115,,,,,
29,2018-10-11,pm30,Nidoran_Female,116,,,,,
29,2018-10-11,pm31,Nidoran_Female,117,,,,--w: 115%; --t: -5%,
29,2019-07-04,pm32,Nidoran_Male,118,,,,,
29,2019-07-04,pm33,Nidoran_Male,119,,,,,
29,2019-07-04,pm34,Nidoran_Male,121,,,,--w: 115%; --t: -5%,
29,2020-03-01,pm33.cJAN_2020_NOEVOLVE,Nidoran_Male_c20,120,costume,,,,
31,2025-05-10,pm31.cROYAL_NOEVOLVE,Nido_royal,1369,costume,,,--w: 115%; --t: -5%,
31,2025-05-10,pm34.cROYAL_NOEVOLVE,Nido_royal,1370,costume,,,--w: 115%; --t: -5%,
35,2019-02-13,pm35,Clefairy,122,,,,,
35,2019-02-13,pm36,Clefairy,123,,,,,
35,2019-02-13,pm173,Clefairy,332,baby,-1,,,
37,2019-06-28,pm37.fALOLA,Vulpix_A,126,,,(A),,
37,2019-06-28,pm38.fALOLA,Vulpix_A,127,,,(A),,
37,2020-10-09,pm37,Vulpix,124,,,,,
37,2020-10-09,pm38,Vulpix,125,,,,,
37,2022-10-27,pm37.cFALL_2022,Vulpix_c22,128,costume,,,,
37,2022-10-27,pm38.cFALL_2022,Vulpix_c22,129,costume,,,,
39,2019-04-16,pm39,Jigglypuff,130,,,,,
39,2019-04-16,pm40,Jigglypuff,131,,,,,
39,2019-04-16,pm174,Jigglypuff,333,baby,-1,,,
39,2024-01-01,pm39.cJAN_2024,Jigglypuff_c24,1231,costume,,,,
39,2024-01-01,pm40.cJAN_2024,Jigglypuff_c24,1232,costume,,,,
41,2019-07-25,pm41,Zubat,132,,,,--t: -10%,
41,2019-07-25,pm42,Zubat,133,,,,--t: -10%,
41,2019-07-25,pm169,Zubat,319,,,,--t: -10%,
43,2019-10-03,pm43,Oddish,134,,,,,
43,2019-10-03,pm44,Oddish,135,,,,,
43,2019-10-03,pm45,Oddish,136,,,,,
43,2019-10-03,pm182,Oddish,344,,,,,
46,2021-02-20,pm46,Paras,137,,,,,
46,2021-02-20,pm47,Paras,138,,,,,
48,2020-05-01,pm48,Venonat,139,,,,,
48,2020-05-01,pm49,Venonat,140,,,,--t: -10%,
50,2019-04-29,pm50,Diglett,141,,,,,
50,2019-04-29,pm51,Diglett,142,,,,,
50,2019-06-28,pm50.fALOLA,Diglett_A,143,costume,,(A),,
50,2019-06-28,pm51.fALOLA,Diglett_A,144,,,(A),,
50,2022-09-27,pm50.cFALL_2022,Diglett_c22,145,costume,,,,
50,2022-09-27,pm51.cFALL_2022,Diglett_c22,146,costume,,,,
52,2019-06-28,pm52.fALOLA,Meowth_A,149,,,(A),,
52,2019-06-28,pm53.fALOLA,Meowth_A,150,,,(A),,
52,2019-11-07,pm52,Meowth,147,,,,,
52,2019-11-07,pm53,Meowth,148,,,,,
52,2021-08-20,pm52.fGALARIAN,Meowth_G,151,,,(G),,
52,2021-08-20,pm863,Meowth_G,152,,,(G),,
52,2026-02-15,pm52.fGIGANTAMAX,Meowth,1521,,,(GM),--w: 100%; --l: 20%; --t: 0%,
54,2019-01-25,pm54,Psyduck,153,,,,,
54,2019-01-25,pm55,Psyduck,154,,,,,
54,2023-12-18,pm54.cHOLIDAY_2023,Psyduck_2,1233,costume,,,,
54,2023-12-18,pm55.cHOLIDAY_2023,Psyduck_2,1234,costume,,,,
54,2025-09-09,pm54.fSWIM_2025,Psyduck_swim,1498,,,,,
56,2019-03-05,pm56,Mankey,155,,,,,
56,2019-03-05,pm57,Mankey,156,,,,,
56,2024-01-19,pm979,Mankey,1343,,,,,
58,2018-09-01,pm58,Growlithe,157,,,,,
58,2018-09-01,pm59,Growlithe,158,,,,,
58,2023-09-27,pm58.fHISUIAN,Growlithe_2,1235,,,(H),,
58,2023-09-27,pm59.fHISUIAN,Growlithe_2,1236,,,(H),,
60,2019-08-06,pm60,Poliwag,159,,,,,
60,2019-08-06,pm61,Poliwag,160,,,,,
60,2019-08-06,pm62,Poliwag,161,,,,,
60,2019-08-06,pm186,Poliwag,348,,,,,
63,2019-06-13,pm63,Abra,162,,,,,
63,2019-06-13,pm64,Abra,163,,,,,
63,2019-06-13,pm65,Abra,164,,,,,
63,2022-09-06,pm65.fMEGA,Abra,165,,,(M),,
66,2019-03-05,pm66,Machop,166,,,,,
66,2019-03-05,pm67,Machop,167,,,,,
66,2019-03-05,pm68,Machop,168,,,,,
66,2025-05-25,pm68.fGIGANTAMAX,Machop,1371,,,(GM),--w: 115%; --t: -5%,
69,2020-07-16,pm69,Bellsprout,169,,,,,
69,2020-07-16,pm70,Bellsprout,170,,,,--t: -10%,
69,2020-07-16,pm71,Bellsprout,171,,,,--t: -10%,
69,2026-02-28,pm71.fMEGA,Bellsprout,1530,,,(M),,
72,2019-11-19,pm72,Tentacool,172,,,,--t: -5%,
72,2019-11-19,pm73,Tentacool,173,,,,--t: -5%,
74,2018-09-13,pm74,Geodude,174,,,,--t: -5%,
74,2018-09-13,pm75,Geodude,175,,,,,
74,2018-09-13,pm76,Geodude,176,,,,,
74,2019-06-28,pm74.fALOLA,Geodude_A,177,,,(A),--t: -10%,
74,2019-06-28,pm75.fALOLA,Geodude_A,178,,,(A),,
74,2019-06-28,pm76.fALOLA,Geodude_A,179,,,(A),,
77,2018-11-05,pm77,Ponyta,180,,,,,
77,2018-11-05,pm78,Ponyta,181,,,,,
77,2021-05-11,pm77.fGALARIAN,Ponyta_G,182,,,(G),,
77,2021-05-11,pm78.fGALARIAN,Ponyta_G,183,,,(G),,
77,2021-07-17,pm77.fGALARIAN.cGOFEST_2021_NOEVOLVE,Ponyta_G_c21,184,costume,,(G),,
77,2023-05-11,pm77.cSPRING_2023_VALOR,Ponyta_c23,185,costume,,,,
77,2023-05-11,pm78.cSPRING_2023_VALOR,Ponyta_c23,186,costume,,,,
79,2020-11-16,pm79,Slowpoke,187,,,,,
79,2020-11-16,pm80,Slowpoke,188,,,,,
79,2020-11-16,pm199,Slowpoke,367,,,,,
79,2020-11-30,pm79.f2020,Slowpoke_glasses,190,costume,,,,
79,2020-11-30,pm80.f2021,Slowpoke_glasses,191,costume,,,,
79,2021-06-08,pm80.fMEGA,Slowpoke,189,,,(M),,
79,2022-01-01,pm199.f2022,Slowpoke_glasses,368,costume,,,,
79,2023-03-18,pm79.fGALARIAN,Slowpoke_G,192,,,(G),,
79,2023-03-18,pm80.fGALARIAN,Slowpoke_G,193,,,(G),,
79,2023-03-18,pm199.fGALARIAN,Slowpoke_G,369,,,(G),,
79,2023-10-05,pm79.cPI_NOEVOLVE,Slowpoke_c23,1237,costume,,,,
81,2018-11-16,pm81,Magnemite,194,,,,--t: -10%,
81,2018-11-16,pm82,Magnemite,195,,,,--t: -15%,
81,2018-11-16,pm462,Magnemite,743,,,,--t: -5%,
83,2019-09-09,pm83,Farfetchd,196,,,,,
83,2021-08-20,pm83.fGALARIAN,Farfetchd_G,197,,,(G),,
83,2021-08-20,pm865,Farfetchd_G,198,,,(G),,
84,2020-09-21,pm84,Doduo,199,,,,,
84,2020-09-21,pm85,Doduo,200,,,,,
86,2019-05-01,pm86,Seel,201,,,,,
86,2019-05-01,pm87,Seel,202,,,,--l: -25%; --t: -5%,
88,2018-09-13,pm88,Grimer,203,,,,,
88,2018-09-13,pm89,Grimer,204,,,,,
88,2019-06-28,pm88.fALOLA,Grimer_61,205,,,(A),,
88,2019-06-28,pm89.fALOLA,Grimer_61,206,,,(A),,
88,2024-06-24,pm88.cANNIVERSARY_2024,Grimer_24,1238,costume,,,,
88,2024-06-24,pm89.cANNIVERSARY_2024,Grimer_24,1239,costume,,,,
90,2018-06-07,pm90,Shellder,207,,,,,
90,2018-06-07,pm91,Shellder,208,,,,--t: 0%,
92,2018-11-03,pm92,Gastly,209,,,,--t: -10%,
92,2018-11-03,pm93,Gastly,210,,,,--t: 5%,
92,2018-11-03,pm94,Gastly,211,,,,,
92,2018-11-03,pm94.fMEGA,Gastly,212,,,(M),,
92,2020-03-01,pm94.cJAN_2020_NOEVOLVE,Gastly_c20_1,213,costume,,,,
92,2020-10-23,pm94.fCOSTUME_2020,Gastly_c20_2,214,costume,,,,
92,2022-10-27,pm94.cFALL_2022_NOEVOLVE,Gastly_c22,215,costume,,,,
92,2023-10-26,pm94.cFALL_2023_NOEVOLVE,Gastly_c23,1240,costume,,,,
92,2024-10-31,pm94.fGIGANTAMAX,Gastly,1372,,,(GM),--w: 115%; --t: -5%,
95,2019-06-04,pm95,Onix,216,,,,,
95,2019-06-04,pm208,Onix,408,,,,,
95,2021-12-01,pm208.fMEGA,Onix,409,,,(M),,
96,2018-10-05,pm96,Drowzee,217,,,,,
96,2018-10-05,pm97,Drowzee,218,,,,,
98,2018-10-01,pm98,Krabby,219,,,,,
98,2018-10-01,pm99,Krabby,220,,,,,
98,2025-02-01,pm99.fGIGANTAMAX,Krabby,1373,,,(GM),--w: 115%; --t: -5%,
100,2020-05-08,pm100,Voltorb,221,,,,,
100,2020-05-08,pm101,Voltorb,222,,,,,
100,2024-02-17,pm100.fHISUIAN,Voltorb_H,1241,,,(H),,
100,2024-02-17,pm101.fHISUIAN,Voltorb_H,1242,,,(H),,
102,2020-04-08,pm102,Exeggcute,223,,,,,
102,2020-04-08,pm103,Exeggcute,224,,,,,
102,2020-04-08,pm103.fALOLA,Exeggcute,225,,,(A),,
104,2018-11-05,pm104,Cubone,226,,,,,
104,2018-11-05,pm105,Cubone,227,,,,,
104,2018-11-05,pm105.fALOLA,Cubone,228,,,(A),,
104,2023-11-01,pm104.cFALL_2023,Cubone_c23,1243,costume,,,,
104,2023-11-01,pm105.cFALL_2023,Cubone_c23,1244,costume,,,,
106,2021-02-20,pm106,Tyrogue,229,,,,,
106,2021-02-20,pm107,Tyrogue,230,,,,,
106,2022-02-26,pm236,Tyrogue,444,baby,-1,,,
106,2022-02-26,pm237,Tyrogue,445,,,,,
108,2020-02-15,pm108,Lickitung,231,,,,,
108,2020-02-15,pm463,Lickitung,744,,,,,
109,2019-07-25,pm109,Koffing,232,,,,--t: -10%,
109,2019-07-25,pm110,Koffing,233,,,,--t: -10%,
109,2021-08-20,pm110.fGALARIAN,Koffing_G,234,,,(G),--t: -20%,
111,2020-02-22,pm111,Rhyhorn,235,,,,,
111,2020-02-22,pm112,Rhyhorn,236,,,,,
111,2020-02-22,pm464,Rhyhorn,745,,,,,
113,2020-02-13,pm113,Chansey,237,,,,,
113,2020-02-13,pm242,Chansey,452,,,,,
113,2020-02-13,pm440,Chansey,715,baby,-1,,,
113,2021-04-04,pm113.cNOVEMBER_2018,Chansey_c18,238,costume,,,,
113,2021-04-04,pm242.cNOVEMBER_2018,Chansey_c18,453,costume,,,,
113,2021-04-04,pm440.cNOVEMBER_2018,Chansey_c18,716,baby=costume,-1,,,
114,2020-07-24,pm114,Tangela,239,,,,,
114,2020-07-24,pm465,Tangela,746,,,,,
115,2019-09-09,pm115,Kangaskhan,240,,,,,
115,2022-04-29,pm115.fMEGA,Kangaskhan,241,,,(M),,
116,2019-06-13,pm116,Horsea,242,,,,,
116,2019-06-13,pm117,Horsea,243,,,,--t: 0%,
116,2019-06-13,pm230,Horsea,437,,,,,
118,2020-11-23,pm118,Goldeen,244,,,,,
118,2020-11-23,pm119,Goldeen,245,,,,--t: 0%,
120,2020-08-07,pm120,Staryu,246,,,,,
120,2020-08-07,pm121,Staryu,247,,,,,
122,2019-09-09,pm122,Mr_Mime,248,,,,,
122,2019-09-26,pm439,Mr_Mime,714,baby,-1,,,
122,2022-12-01,pm122.fGALARIAN,Mr_Mime_G,249,,,(G),,
122,2022-12-01,pm866,Mr_Mime_G,1174,,,,,
123,2019-04-02,pm123,Scyther,250,,,,,
123,2019-04-02,pm212,Scyther,413,,,,,
123,2022-08-10,pm212.fMEGA,Scyther,414,,,(M),,
124,2019-02-13,pm124,Jynx,251,,,,,
124,2019-02-13,pm238,Jynx,446,baby,-1,,,
124,2020-10-02,pm238.cFALL_2020_NOEVOLVE,Smoochum,447,baby=costume,1,,,
125,2018-11-15,pm125,Electabuzz,252,,,,,
125,2018-11-15,pm239,Electabuzz,448,baby,-1,,,
125,2018-11-15,pm466,Electabuzz,747,,,,,
125,2023-05-02,pm125.cSPRING_2023_INSTINCT,Electabuzz_c23,253,costume,,,,
125,2023-05-02,pm239.cSPRING_2023_INSTINCT,Electabuzz_c23,449,baby=costume,-1,,,
125,2023-05-02,pm466.cSPRING_2023_INSTINCT,Electabuzz_c23,748,costume,,,,
126,2018-03-22,pm126,Magmar,254,,,,,
126,2018-03-22,pm240,Magmar,450,baby,-1,,,
126,2018-03-22,pm467,Magmar,749,,,,,
127,2018-11-01,pm127,Pinsir,255,,,,,
127,2023-05-11,pm127.fMEGA,Pinsir,256,,,(M),--t: -10%,
128,2019-09-09,pm128,Tauros,257,,,,,
129,2017-03-22,pm129,Magikarp,258,,,,,
129,2017-03-22,pm130,Magikarp,259,,,,--w: 120%; --t: 5%,
129,2017-03-22,pm130.fMEGA,Magikarp,260,,,(M),--t: -10%,
131,2019-04-18,pm131,Lapras,261,,,,--w: 120%; --l: 0%; --t: -10%,
131,2022-05-12,pm131.fCOSTUME_2020,Lapras,262,costume,,,--w: 120%; --l: 0%; --t: -10%,
131,2023-04-13,pm131.cSPRING_2023_MYSTIC,Lapras,263,costume,,,--w: 120%; --l: 0%; --t: -10%,
131,2024-12-08,pm131.fGIGANTAMAX,Lapras,1374,,,(GM),,
132,2021-02-20,pm132,Ditto,264,,,,,
132,2026-03-10,pm132.fSPRING_2026_A,Ditto_costume,1532,costume,,(🧢),,
132,2026-03-11,pm132.fSPRING_2026_B,Ditto_costume,1533,costume,,(👒),,
133,2018-08-11,pm133,Eevee,265,,,,,
133,2018-08-11,pm134,Eevee,270,,,,,
133,2018-08-11,pm135,Eevee,274,,,,,
133,2018-08-11,pm136,Eevee,278,,,,,
133,2018-08-11,pm196,Eevee,358,,,,,
133,2018-08-11,pm197,Eevee,362,,,,,
133,2018-08-11,pm470,Eevee,753,,,,,
133,2018-08-11,pm471,Eevee,757,,,,,
133,2019-02-26,pm133.cNOVEMBER_2018,Eevee_2019_FC,266,costume,,"
Flower Crown",,
133,2019-02-26,pm134.cNOVEMBER_2018,Eevee_2019_FC,271,costume,,"
Flower Crown",,
133,2019-02-26,pm135.cNOVEMBER_2018,Eevee_2019_FC,275,costume,,"
Flower Crown",,
133,2019-02-26,pm136.cNOVEMBER_2018,Eevee_2019_FC,279,costume,,"
Flower Crown",,
133,2019-02-26,pm196.cNOVEMBER_2018,Eevee_2019_FC,359,costume,,"
Flower Crown",,
133,2019-02-26,pm197.cNOVEMBER_2018,Eevee_2019_FC,363,costume,,"
Flower Crown",,
133,2019-05-17,pm470.cNOVEMBER_2018,Eevee_2019_FC,754,costume,,"
Flower Crown",,
133,2019-05-17,pm471.cNOVEMBER_2018,Eevee_2019_FC,758,costume,,"
Flower Crown",,
133,2019-05-17,pm700.cNOVEMBER_2018,Eevee_2019_FC,1019,costume,,"
Flower Crown",,
133,2020-02-25,pm133.cJAN_2020_NOEVOLVE,Eevee_20200225,268,costume,,,,
133,2021-05-25,pm700,Eevee,1018,,,,,
133,2021-12-16,pm471.cHOLIDAY_2021_NOEVOLVE,Eevee_20211216,759,costume,,,,
133,2022-12-31,pm133.cHOLIDAY_2022,Eevee_20221231,267,costume,,"
Holiday Hat",,
133,2022-12-31,pm134.cHOLIDAY_2022,Eevee_20221231,272,costume,,"
Holiday Hat",,
133,2022-12-31,pm135.cHOLIDAY_2022,Eevee_20221231,276,costume,,"
Holiday Hat",,
133,2022-12-31,pm136.cHOLIDAY_2022,Eevee_20221231,280,costume,,"
Holiday Hat",,
133,2022-12-31,pm196.cHOLIDAY_2022,Eevee_20221231,360,costume,,"
Holiday Hat",,
133,2022-12-31,pm197.cHOLIDAY_2022,Eevee_20221231,364,costume,,"
Holiday Hat",,
133,2022-12-31,pm470.cHOLIDAY_2022,Eevee_20221231,755,costume,,"
Holiday Hat",,
133,2022-12-31,pm471.cHOLIDAY_2022,Eevee_20221231,760,costume,,"
Holiday Hat",,
133,2022-12-31,pm700.cHOLIDAY_2022,Eevee_20221231,1020,costume,,"
Holiday Hat",,
133,2023-04-04,pm133.cSPRING_2023,Eevee_20230404,269,costume,,"
Cherry Blossoms",,
133,2023-04-04,pm134.cSPRING_2023,Eevee_20230404,273,costume,,"
Cherry Blossoms",,
133,2023-04-04,pm135.cSPRING_2023,Eevee_20230404,277,costume,,"
Cherry Blossoms",,
133,2023-04-04,pm136.cSPRING_2023,Eevee_20230404,281,costume,,"
Cherry Blossoms",,
133,2023-04-04,pm196.cSPRING_2023,Eevee_20230404,361,costume,,"
Cherry Blossoms",,
133,2023-04-04,pm197.cSPRING_2023,Eevee_20230404,365,costume,,"
Cherry Blossoms",,
133,2023-04-04,pm470.cSPRING_2023,Eevee_20230404,756,costume,,"
Cherry Blossoms",,
133,2023-04-04,pm471.cSPRING_2023,Eevee_20230404,761,costume,,"
Cherry Blossoms",,
133,2023-04-04,pm700.cSPRING_2023,Eevee_20230404,1021,costume,,"
Cherry Blossoms",,
133,2023-10-07,pm133.cMAY_2023,Eevee_20231007,1245,costume,,"
Safari Hat",,
133,2023-10-07,pm134.cMAY_2023,Eevee_20231007,1248,costume,,"
Safari Hat",,
133,2023-10-07,pm135.cMAY_2023,Eevee_20231007,1249,costume,,"
Safari Hat",,
133,2023-10-07,pm136.cMAY_2023,Eevee_20231007,1250,costume,,"
Safari Hat",,
133,2023-10-07,pm196.cMAY_2023,Eevee_20231007,1260,costume,,"
Safari Hat",,
133,2023-10-07,pm197.cMAY_2023,Eevee_20231007,1261,costume,,"
Safari Hat",,
133,2023-10-07,pm470.cMAY_2023,Eevee_20231007,1270,costume,,"
Safari Hat",,
133,2023-10-07,pm471.cMAY_2023,Eevee_20231007,1271,costume,,"
Safari Hat",,
133,2023-10-07,pm700.cMAY_2023,Eevee_20231007,1298,costume,,"
Safari Hat",,
133,2024-05-30,pm133.fGOFEST_2024_MTIARA,Eevee_20240530,1246,costume,,,,
133,2024-05-30,pm133.fGOFEST_2024_STIARA,Eevee_20240530,1247,costume,,,,
133,2024-06-14,pm196.fGOFEST_2024_SSCARF,Eevee_20240614,1299,costume,,,,
133,2024-06-14,pm197.fGOFEST_2024_MSCARF,Eevee_20240614,1300,costume,,,,
137,2020-09-19,pm137,Porygon,282,,,,--t: -15%,
137,2020-09-19,pm233,Porygon,440,,,,--t: -15%,
137,2020-09-19,pm474,Porygon,764,,,,--t: -15%,
138,2018-05-24,pm138,Omanyte,283,,,,,
138,2018-05-24,pm139,Omanyte,284,,,,,
140,2018-05-24,pm140,Kabuto,285,,,,,
140,2018-05-24,pm141,Kabuto,286,,,,,
142,2018-05-02,pm142,Aerodactyl,287,,,,--t: 0%,
142,2023-01-25,pm142.fMEGA,Aerodactyl,288,,,(M),--t: 0%,
142,2023-08-04,pm142.fSUMMER_2023,Aerodactyl_c23,1251,costume,,,--t: 0%,
143,2021-02-20,pm143,Snorlax,289,,,,--w: 120%; --l: 0%; --t: -10%,
143,2022-07-16,pm143.cGOFEST_2022_NOEVOLVE,Snorlax_c22,290,costume,,,--w: 120%; --l: 0%; --t: -10%,
143,2022-11-09,pm446,Snorlax,722,baby,-1,,,
143,2023-07-15,pm143.cNIGHTCAP,Snorlax_c23,291,costume,,,--w: 120%; --l: 0%; --t: -10%,
143,2024-11-16,pm143.fWILDAREA_2024,Snorlax_c24,1375,costume,,,--t: -15%; --w: 125%,
143,2025-04-19,pm143.fGIGANTAMAX,Snorlax,1376,,,(GM),,
144,2018-07-07,pm144,Articuno,292,,,,--w: 120%; --t: 15%,
144,2024-10-04,pm144.fGALARIAN,Articuno_G,1252,,,(G),--w: 120%; --t: 0%,
145,2018-07-21,pm145,Zapdos,293,,,,--w: 120%; --t: 10%,
145,2024-10-04,pm145.fGALARIAN,Zapdos_G,1253,,,(G),--w: 120%; --t: -10%,
146,2018-09-08,pm146,Moltres,294,,,,--w: 120%; --t: 15%,
146,2024-10-04,pm146.fGALARIAN,Moltres_G,1254,,,(G),--w: 120%; --t: 0%,
147,2018-02-24,pm147,Dratini,295,,,,,
147,2018-02-24,pm148,Dratini,296,,,,,
147,2018-02-24,pm149,Dratini,297,,,,--w: 120%; --l: 5%; --t: 5%,
147,2026-02-28,pm149.fMEGA,Dratini,1538,,,(M),--w: 120%; --l: 5%; --t: 5%,
149,2023-11-15,pm149.cFALL_2023,Dragonite_c23,1255,costume,,,--w: 120%; --l: 5%; --t: 5%,
150,2019-09-16,pm150,Mewtwo,298,,,,,
151,2021-02-20,pm151,Mew,299,,,,,
152,2018-09-22,pm152,Chikorita,300,,,,,
152,2018-09-22,pm153,Chikorita,301,,,,,
152,2018-09-22,pm154,Chikorita,302,,,,,
155,2018-11-10,pm155,Cyndaquil,303,,,,,
155,2018-11-10,pm156,Cyndaquil,304,,,,,
155,2018-11-10,pm157,Cyndaquil,305,,,,,
157,2024-01-14,pm157.fHISUIAN,Typhlosion_H,1256,,,(H),,
158,2019-01-12,pm158,Totodile,306,,,,,
158,2019-01-12,pm159,Totodile,307,,,,,
158,2019-01-12,pm160,Totodile,308,,,,,
161,2019-09-02,pm161,Sentret,309,,,,,
161,2019-09-02,pm162,Sentret,310,,,,,
163,2022-01-01,pm163,Hoothoot,311,,,,,
163,2022-01-01,pm164,Hoothoot,313,,,,--t: -15%,
163,2022-01-01,pm163.cJAN_2022_NOEVOLVE,Hoothoot_2022,312,costume,,,,
163,2022-12-31,pm164.cJAN_2022_NOEVOLVE,Hoothoot_2022,314,costume,,,--t: -15%,
165,2020-09-10,pm165,Ledyba,315,,,,--t: -5%,
165,2020-09-10,pm166,Ledyba,316,,,,--t: -5%,
167,2021-10-15,pm167,Spinarak,317,,,,,
167,2021-10-15,pm168,Spinarak,318,,,,,
170,2020-04-17,pm170,Chinchou,320,,,,,
170,2020-04-17,pm171,Chinchou,321,,,,,
175,2018-03-22,pm175,Togepi,334,baby,-1,,,
175,2018-03-22,pm176,Togepi,336,,,,,
175,2018-03-22,pm468,Togepi,750,,,,,
175,2018-03-22,pm175.cAPRIL_2020_NOEVOLVE,Togepi_c20,335,baby=costume,-1,,,
175,2022-04-12,pm176.cAPRIL_2020_NOEVOLVE,Togepi_c20,337,costume,,,,
175,2022-04-12,pm468.cAPRIL_2020_NOEVOLVE,Togepi_c20,751,costume,,,,
177,2018-08-20,pm177,Natu,338,,,,,
177,2018-08-20,pm178,Natu,339,,,,,
179,2018-04-15,pm179,Mareep,340,,,,,
179,2018-04-15,pm180,Mareep,341,,,,,
179,2018-04-15,pm181,Mareep,342,,,,,
179,2018-04-15,pm181.fMEGA,Mareep,343,,,(M),,
183,2018-12-18,pm183,Marill,345,,,,,
183,2018-12-18,pm184,Marill,346,,,,,
183,2018-12-18,pm298,Marill,519,,-1,,,
185,2019-08-05,pm185,Sudowoodo,347,,,,,
185,2019-08-05,pm438,Sudowoodo,713,,-1,,,
185,2025-12-18,pm185.fWINTER_2025,Sudowoodo_c25,1513,costume,,,,
187,2022-02-12,pm187,Hoppip,349,,,,,
187,2022-02-12,pm188,Hoppip,350,,,,,
187,2022-02-12,pm189,Hoppip,351,,,,,
190,2019-05-07,pm190,Aipom,352,,,,,
190,2019-05-07,pm424,Aipom,695,,,,,
191,2018-08-20,pm191,Sunkern,353,,,,,
191,2018-08-20,pm192,Sunkern,354,,,,,
193,2019-09-20,pm193,Yanma,355,,,,,
193,2019-09-20,pm469,Yanma,752,,,,,
194,2020-12-11,pm194,Wooper,356,,,,,
194,2020-12-11,pm195,Wooper,357,,,,,
194,2023-11-05,pm194.fPALDEA,Wooper_P,1257,,,,,
194,2023-11-05,pm980,Wooper_P,1344,,,,,
194,2023-11-15,pm194.cFALL_2023,Wooper_1,1258,costume,,,,
194,2023-11-15,pm195.cFALL_2023,Wooper_1,1259,costume,,,,
198,2018-03-31,pm198,Murkrow,366,,,,,
198,2018-11-14,pm430,Murkrow,705,,,,--t: -5%,
200,2018-12-01,pm200,Misdreavus,370,,,,--t: -5%,
200,2018-12-01,pm429,Misdreavus,704,,,,--t: -5%,
201,2020-07-25,pm201.fUNOWN_G,Unown,377,,,(G),--t: -15%,
201,2020-07-25,pm201.fUNOWN_O,Unown,385,,,(O),--t: -15%,
201,2020-08-07,pm201.fUNOWN_A,Unown,371,,,(A),--t: -15%,
201,2020-08-07,pm201.fUNOWN_L,Unown,382,,,(L),--t: -15%,
201,2020-08-07,pm201.fUNOWN_R,Unown,388,,,(R),--t: -15%,
201,2020-08-07,pm201.fUNOWN_T,Unown,390,,,(T),--t: -15%,
201,2020-08-07,pm201.fUNOWN_U,Unown,391,,,(U),--t: -15%,
201,2020-11-22,pm201.fUNOWN_C,Unown,373,,,(C),--t: -15%,
201,2021-07-17,pm201.fUNOWN_F,Unown,376,,,(F),--t: -15%,
201,2022-02-26,pm201.fUNOWN_J,Unown,380,,,(J),--t: -15%,
201,2022-05-13,pm201.fUNOWN_E,Unown,375,,,(E),--t: -15%,
201,2022-05-13,pm201.fUNOWN_I,Unown,379,,,(I),--t: -15%,
201,2022-05-13,pm201.fUNOWN_S,Unown,389,,,(S),--t: -15%,
201,2022-05-13,pm201.fUNOWN_V,Unown,392,,,(V),--t: -15%,
201,2022-06-04,pm201.fUNOWN_B,Unown,372,,,(B),--t: -15%,
201,2022-08-17,pm201.fUNOWN_D,Unown,374,,,(D),--t: -15%,
201,2022-08-27,pm201.fUNOWN_N,Unown,384,,,(N),--t: -15%,
201,2022-08-27,pm201.fUNOWN_P,Unown,386,,,(P),--t: -15%,
201,2022-08-27,pm201.fUNOWN_X,Unown,394,,,(X),--t: -15%,
201,2022-09-24,pm201.fUNOWN_Y,Unown,395,,,(Y),--t: -15%,
201,2023-02-18,pm201.fUNOWN_H,Unown,378,,,(H),--t: -15%,
201,2023-08-04,pm201.fUNOWN_M,Unown,383,,,(M),--t: -15%,
201,2023-08-04,pm201.fUNOWN_EXCLAMATION_POINT,Unown,397,,,(!),--t: -15%,
201,2024-05-30,pm201.fUNOWN_QUESTION_MARK,Unown,398,,,(?),--t: -15%,
201,2025-11-07,pm201.fUNOWN_K,Unown,381,,,(K),--t: -15%,
201,2025-11-07,pm201.fUNOWN_W,Unown,393,,,(W),--t: -15%,
201,2026-02-21,pm201.fUNOWN_Z,Unown,396,,,(Z),--t: -15%,
201,,pm201.fUNOWN_Q,Unown,387,,,(Q),--t: -15%,
202,2018-03-22,pm202,Wobbuffet,399,,,(♂),,
202,2018-03-22,pm202.g2,Wobbuffet,400,,,(♀),,
202,2018-03-22,pm202.cJAN_2020_NOEVOLVE,Wobbuffet_c,401,costume,,(♂),,
202,2018-03-22,pm202.cJAN_2020_NOEVOLVE.g2,Wobbuffet_c,402,costume,,(♀),,
202,2018-03-22,pm360,Wobbuffet,604,baby,-1,,,
203,2022-02-26,pm203,Girafarig,403,,,,,
204,2018-08-20,pm204,Pineco,404,,,,,
204,2018-08-20,pm205,Pineco,405,,,,--t: -5%,
206,2020-05-08,pm206,Dunsparce,406,,,,,
206,2025-09-23,pm982.fTWO,Dunsparce,1492,,,(2),--w: 105%; --t: 0%; --l: 5%,
206,2025-09-23,pm982.fTHREE,Dunsparce,1493,,,(3),--w: 115%; --t: -5%,
207,2019-09-02,pm207,Gligar,407,,,,,
207,2019-09-02,pm472,Gligar,762,,,,,
209,2018-08-01,pm209,Snubbull,410,,,,,
209,2018-08-01,pm210,Snubbull,411,,,,,
211,2020-07-25,pm211,Qwilfish,412,,,,--t: -5%,
211,2024-02-17,pm904,Qwilfish_H,1213,,,,--t: -10%,
211,2024-02-17,pm211.fHISUIAN,Qwilfish_H,1262,,-1,(H),--t: -20%,
213,2019-04-18,pm213,Shuckle,415,,,,,
214,2021-08-06,pm214,Heracross,416,,,(♂),,
214,2021-08-06,pm214.g2,Heracross,417,,,(♀),,
214,2024-04-13,pm214.fMEGA,Heracross,1263,,,(M),,
215,2019-07-25,pm215,Sneasel,418,,,,,
215,2019-07-25,pm461,Sneasel,742,,,,,
215,2021-09-21,pm215.cFASHION_2021_NOEVOLVE,Sneasel_c21,419,costume,,,,
215,2023-12-05,pm903,Sneasel_H,1212,,,,,
215,2023-12-05,pm215.fHISUIAN,Sneasel_H,1264,,-1,(H),,
216,2020-03-26,pm216,Teddiursa,420,,,,,
216,2020-03-26,pm217,Teddiursa,421,,,,,
216,2022-11-12,pm901,Teddiursa,422,,,,,
216,2025-10-27,pm216.cHALLOWEEN_2025,Teddiursa_c25,1502,costume,,,,
216,2025-10-27,pm217.cHALLOWEEN_2025,Teddiursa_c25,1503,costume,,,,
216,2025-10-27,pm901.cHALLOWEEN_2025,Teddiursa_c25,1504,costume,,,,
218,2021-01-07,pm218,Slugma,423,,,,,
218,2021-01-07,pm219,Slugma,424,,,,,
220,2019-02-16,pm220,Swinub,425,,,,,
220,2019-02-16,pm221,Swinub,426,,,,,
220,2019-02-16,pm473,Swinub,763,,,,,
222,2022-02-26,pm222,Corsola,427,,,,,
222,2024-11-27,pm222.fGALARIAN,Corsola_G,1377,,,(G),,
222,2026-04-14,pm222.fSPRING_2026,Corsola_G,1542,costume,,(G),,
222,2024-11-27,pm864,Corsola_G,1450,,,,,
223,2022-02-26,pm223,Remoraid,428,,,,,
223,2022-02-26,pm224,Remoraid,429,,,,,
225,2018-12-18,pm225,Delibird,430,,,,,
225,2020-12-22,pm225.fWINTER_2020,Delibird,431,costume,,,,
226,2022-02-26,pm226,Mantine,432,,,,,
226,2023-05-02,pm458,Mantine,738,baby,-1,,--t: -20%,
227,2019-11-01,pm227,Skarmory,433,,,,,
228,2018-08-01,pm228,Houndour,434,,,,,
228,2018-08-01,pm229,Houndour,435,,,,,
228,2018-08-01,pm229.fMEGA,Houndour,436,,,(M),,
231,2022-02-26,pm231,Phanpy,438,,,,,
231,2022-02-26,pm232,Phanpy,439,,,,,
234,2019-12-24,pm234,Stantler,441,,,,,
234,2019-12-24,pm234.cWINTER_2018,Stantler,442,costume,,,,
235,2021-04-29,pm235,Smeargle,443,,,,,
241,2021-01-26,pm241,Miltank,451,,,,,
243,2019-06-29,pm243,Raikou,454,,,,,
244,2019-07-14,pm244,Entei,455,,,,,
245,2019-08-17,pm245,Suicune,456,,,,,
246,2018-06-16,pm246,Larvitar,457,,,,,
246,2018-06-16,pm247,Larvitar,458,,,,,
246,2018-06-16,pm248,Larvitar,459,,,,,
246,2023-07-27,pm248.fMEGA,Larvitar,460,,,(M),,
249,2018-03-16,pm249,Lugia,461,,,,--w: 130%; --t: -5%; --l: -5%,
250,2018-05-19,pm250,Ho_Oh,462,,,,--w: 100%; --t: 5%; --l: 5%,
251,2020-12-14,pm251,Celebi,463,,,,--t: -10%,
252,2019-03-23,pm252,Treecko,464,,,,,
252,2019-03-23,pm253,Treecko,465,,,,,
252,2019-03-23,pm254,Treecko,466,,,,,
252,2022-12-02,pm254.fMEGA,Treecko,467,,,(M),,
255,2019-05-19,pm255,Torchic,468,,,,,
255,2019-05-19,pm256,Torchic,469,,,,,
255,2019-05-19,pm257,Torchic,470,,,,,
255,2022-12-02,pm257.fMEGA,Torchic,471,,,(M),,
258,2019-07-21,pm258,Mudkip,472,,,,,
258,2019-07-21,pm259,Mudkip,473,,,,,
258,2019-07-21,pm260,Mudkip,474,,,,,
258,2022-12-02,pm260.fMEGA,Mudkip,475,,,(M),,
261,2018-02-15,pm261,Poochyena,476,,,,,
261,2018-02-15,pm262,Poochyena,477,,,,,
263,2019-01-15,pm263,Zigzagoon,478,,,,,
263,2019-01-15,pm264,Zigzagoon,479,,,,,
263,2020-05-25,pm263.fGALARIAN,Zigzagoon_G,480,,,(G),,
263,2020-05-25,pm264.fGALARIAN,Zigzagoon_G,481,,,(G),,
263,2020-05-25,pm862,Zigzagoon_G,1170,,,,,
263,2021-07-17,pm263.fGALARIAN.cGOFEST_2021_NOEVOLVE,Zigzagoon_G_21,482,costume,,(G),,
265,2020-01-02,pm265,Wurmple,483,,,,,
265,2020-01-02,pm266,Wurmple,485,,,,,
265,2020-01-02,pm267,Wurmple,486,,,,--t: -10%,
265,2020-01-02,pm268,Wurmple,487,,,,,
265,2020-01-02,pm269,Wurmple,488,,,,--t: -10%,
265,2020-01-02,pm265.cJAN_2020_NOEVOLVE,Wurmple_c20,484,costume,,,,
270,2019-03-29,pm270,Lotad,489,,,,,
270,2019-03-29,pm271,Lotad,490,,,,,
270,2019-03-29,pm272,Lotad,491,,,,,
273,2020-05-23,pm273,Seedot,492,,,,,
273,2020-05-23,pm274,Seedot,493,,,,,
273,2020-05-23,pm275,Seedot,494,,,,,
276,2019-01-15,pm276,Taillow,495,,,,,
276,2019-01-15,pm277,Taillow,496,,,,,
278,2018-08-29,pm278,Wingull,497,,,,--t: -10%,
278,2018-08-29,pm279,Wingull,498,,,,--t: -10%,
280,2019-08-03,pm280,Ralts,499,,,,,
280,2019-08-03,pm281,Ralts,500,,,,,
280,2019-08-03,pm282,Ralts,502,,,,,
280,2019-08-03,pm475,Ralts,765,,,,,
280,2019-08-03,pm281.cFALL_2020_NOEVOLVE,Ralts_c20,501,costume,,,,
280,2023-02-08,pm282.fMEGA,Ralts,503,,,(M),,
280,2025-01-11,pm475.fMEGA,Ralts,1379,,,(M),,
283,2023-02-18,pm283,Surskit,504,,,,,
283,2023-02-18,pm284,Surskit,505,,,,--t: -10%,
285,2022-06-04,pm285,Shroomish,506,,,,,
285,2022-06-04,pm286,Shroomish,507,,,,,
287,2019-06-08,pm287,Slakoth,508,,,,,
287,2019-06-08,pm288,Slakoth,509,,,,,
287,2019-06-08,pm289,Slakoth,510,,,,,
287,2024-06-07,pm287.cSUMMER_2024,Slakoth_1,1265,costume,,,,
287,2024-06-07,pm288.cSUMMER_2024,Slakoth_1,1266,costume,,,,
287,2024-06-07,pm289.cSUMMER_2024,Slakoth_1,1267,costume,,,,
290,2020-03-19,pm290,Nincada,511,,,,,
290,2020-03-19,pm291,Nincada,512,,,,--t: -5%,
290,2022-10-01,pm292,Nincada,513,,,,--t: -5%,
293,2021-07-17,pm293,Whismur,514,,,,,
293,2021-07-17,pm294,Whismur,515,,,,,
293,2021-07-17,pm295,Whismur,516,,,,,
296,2018-05-01,pm296,Makuhita,517,,,,,
296,2018-05-01,pm297,Makuhita,518,,,,,
299,2021-03-09,pm299,Nosepass,520,,,,,
299,2021-03-09,pm476,Nosepass,766,,,,--w: 130%; --t: -5%,
300,2020-05-15,pm300,Skitty,521,,,,,
300,2020-05-15,pm301,Skitty,522,,,,,
302,2017-10-20,pm302,Sableye,523,,,,,
302,2020-10-23,pm302.fCOSTUME_2020,Sableye,524,costume,,,,
302,2023-06-29,pm302.fMEGA,Sableye,525,,,(M),--t: -10%,
303,2017-12-08,pm303,Mawile,526,,,,,
303,2024-10-12,pm303.fMEGA,Mawile,1378,,,(M),,
304,2018-01-23,pm304,Aron,527,,,,,
304,2018-01-23,pm305,Aron,528,,,,,
304,2018-01-23,pm306,Aron,529,,,,,
304,2022-09-16,pm306.fMEGA,Aron,530,,,(M),,
307,2018-05-01,pm307,Meditite,531,,,,,
307,2018-05-01,pm308,Meditite,532,,,,,
307,2023-03-08,pm308.fMEGA,Meditite,533,,,(M),,
309,2019-09-01,pm309,Electrike,534,,,,,
309,2019-09-01,pm310,Electrike,535,,,,,
309,2021-03-16,pm310.fMEGA,Electrike,536,,,(M),,
311,2018-07-14,pm311,Plusle-Minum,537,,,,,
311,2018-07-14,pm312,Plusle-Minum,538,,,,,
313,2020-04-21,pm313,Volbeat-Illumise,539,,,,,
313,2020-04-21,pm314,Volbeat-Illumise,540,,,,,
315,2018-06-30,pm315,Roselia,541,,,,,
315,2018-11-06,pm406,Roselia,669,baby,-1,,,
315,2018-11-14,pm407,Roselia,670,,,,,
316,2023-02-18,pm316,Gulpin,542,,,,,
316,2023-02-18,pm317,Gulpin,543,,,,,
318,2019-08-23,pm318,Carvanha,544,,,,,
318,2019-08-23,pm319,Carvanha,545,,,,,
318,2025-09-07,pm319.fMEGA,Carvanha,1489,,,(M),,
320,2018-04-23,pm320,Wailmer,546,,,,--t: -10%,
320,2018-04-23,pm321,Wailmer,547,,,,,
322,2022-06-04,pm322,Numel,548,,,,,
322,2022-06-04,pm323,Numel,549,,,,--w: 100%; --t: 0%; --l: 5%,
322,2025-09-28,pm323.fMEGA,Numel,1494,,,(M),--w: 100%; --t: 5%,
324,2023-02-18,pm324,Torkoal,550,,,,,
325,2019-02-04,pm325,Spoink,551,,,,,
325,2019-02-04,pm326,Spoink,552,,,,,
327,2019-07-01,pm327.f07,Spinda,561,,,(#8),,
327,2019-09-01,pm327.f02,Spinda,556,,,(#3),,
327,2019-11-01,pm327.f00,Spinda,554,,,(#1),,
327,2020-01-01,pm327.f06,Spinda,560,,,(#7),,
327,2020-03-01,pm327.f05,Spinda,559,,,(#6),,
327,2020-06-01,pm327.f04,Spinda,558,,,(#5),,
327,2020-09-01,pm327.f01,Spinda,555,,,(#2),,
327,2020-11-01,pm327.f03,Spinda,557,,,(#4),,
327,2021-02-14,pm327.f08,Spinda,562,,,(#9),,
328,2019-10-11,pm328,Trapinch,563,,,,,
328,2019-10-11,pm329,Trapinch,564,,,,,
328,2019-10-11,pm330,Trapinch,565,,,,,
331,2023-02-18,pm331,Cacnea,566,,,,,
331,2023-02-18,pm332,Cacnea,567,,,,,
333,2018-02-09,pm333,Swablu,568,,,,,
333,2018-02-09,pm334,Swablu,569,,,,--t: 0%,
333,2021-05-15,pm334.fMEGA,Swablu,570,,,(M),--t: -10%,
335,2019-09-26,pm335,Zangoose,571,,,,,
336,2019-09-28,pm336,Seviper,572,,,,,
337,2019-03-19,pm337,Lunatone-Solrock,573,,,,--t: -10%,
337,2019-03-19,pm338,Lunatone-Solrock,574,,,,--t: -10%,
339,2019-08-23,pm339,Barboach,575,,,,--t: -10%,
339,2019-08-23,pm340,Barboach,576,,,,--t: -10%,
341,2022-05-13,pm341,Corphish,577,,,,,
341,2022-05-13,pm342,Corphish,578,,,,,
343,2020-03-27,pm343,Baltoy,579,,,,,
343,2020-03-27,pm344,Baltoy,580,,,,--t: -10%,
345,2019-06-04,pm345,Lileep,581,,,,,
345,2019-06-04,pm346,Lileep,582,,,,,
347,2019-06-04,pm347,Anorith,583,,,,,
347,2019-06-04,pm348,Anorith,584,,,,,
349,2019-01-19,pm349,Feebas,585,,,,--t: -10%,
349,2019-01-19,pm350,Feebas,586,,,,,
351,2019-03-30,pm351,Castform,587,,,,,
351,2021-03-24,pm351.fRAINY,Castform,589,,,(🌧️),,
351,2022-12-01,pm351.fSUNNY,Castform,588,,,(☀️),,
351,2022-12-01,pm351.fSNOWY,Castform,590,,,(❄️),,
352,2023-02-18,pm352,Kecleon,591,,,,,
353,2017-10-31,pm353,Shuppet,592,,,,,
353,2017-10-31,pm354,Shuppet,593,,,,,
353,2022-10-20,pm354.fMEGA,Shuppet,594,,,(M),,
355,2017-10-26,pm355,Duskull,595,,,,,
355,2017-10-26,pm356,Duskull,596,,,,,
355,2017-10-26,pm477,Duskull,767,,,,--w: 120%; --t: 0%,
355,2022-11-01,pm355.cFALL_2022_NOEVOLVE,Duskull_c22,597,costume,,,,
355,2022-11-01,pm356.cFALL_2022_NOEVOLVE,Duskull_c22,598,costume,,,,
355,2022-11-01,pm477.cFALL_2022_NOEVOLVE,Duskull_c22,768,costume,,,--w: 120%; --t: 0%,
357,2023-02-18,pm357,Tropius,599,,,,--t: -10%,
358,2021-07-17,pm358,Chimecho,600,,,,,
358,2024-02-17,pm433,Chimecho,708,baby,-1,,--t: -10%,
359,2017-12-08,pm359,Absol,601,,,,,
359,2021-10-21,pm359.fMEGA,Absol,603,,,(M),,
359,2022-09-27,pm359.cFALL_2022_NOEVOLVE,Absol_22,602,costume,,,,
361,2017-12-21,pm361,Snorunt,605,,,,,
361,2017-12-21,pm362,Snorunt,606,,,,--t: -10%,
361,2019-01-31,pm478,Snorunt,769,,,,--t: -10%,
361,2022-12-15,pm362.fMEGA,Snorunt,607,,,(M),--t: -10%,
363,2021-12-16,pm363,Spheal,608,,,,,
363,2021-12-16,pm364,Spheal,609,,,,,
363,2021-12-16,pm365,Spheal,610,,,,,
363,2021-12-16,pm363.cHOLIDAY_2021_NOEVOLVE,Spheal_c21,611,costume,,,,
366,2019-02-23,pm366,Clamperl,612,,,,,
366,2019-02-23,pm367,Clamperl,613,,,,--t: -10%,
366,2019-02-23,pm368,Clamperl,614,,,,--t: -10%,
369,2023-02-18,pm369,Relicanth,615,,,,--t: -10%,
370,2018-02-13,pm370,Luvdisc,616,,,,,
371,2019-04-13,pm371,Bagon,617,,,,,
371,2019-04-13,pm372,Bagon,618,,,,,
371,2019-04-13,pm373,Bagon,619,,,,--t: -10%,
371,2023-01-10,pm373.fMEGA,Bagon,620,,,(M),--t: -10%,
374,2018-10-21,pm374,Beldum,621,,,,,
374,2018-10-21,pm375,Beldum,622,,,,--t: -10%,
374,2018-10-21,pm376,Beldum,623,,,,,
374,2025-10-04,pm376.fMEGA,Beldum,1496,,,(M),--w: 100%; --t: 10%; --l: 5%,
377,2019-11-01,pm377,Regirock,624,,,,,
378,2019-11-01,pm378,Regice,625,,,,,
379,2019-11-01,pm379,Registeel,626,,,,,
380,2019-02-22,pm380,Latias,627,,,,--t: -10%,
380,2022-05-03,pm380.fMEGA,Latias,628,,,(M),--t: -10%,
381,2019-04-15,pm381,Latios,629,,,,--t: -10%,
381,2022-05-03,pm381.fMEGA,Latios,630,,,(M),--t: -10%,
382,2018-06-07,pm382,Kyogre,631,,,,--t: -10%,
382,2023-02-18,pm382.fPRIMAL,Kyogre,632,,,(P),--t: -10%,
383,2019-01-15,pm383,Groudon,633,,,,--w: 100%; --t: 0%; --l: 5%,
383,2023-02-18,pm383.fPRIMAL,Groudon,634,,,(P),--w: 100%; --t: 0%; --l: 5%,
384,2019-07-31,pm384,Rayquaza,635,,,,--t: -10%,
384,2023-08-04,pm384.fMEGA,Rayquaza,636,,,(M),--t: -10%,
385,2023-02-18,pm385,Jirachi,637,,,,,
386,2020-08-07,pm386,Deoxys,638,,,(N),,
386,2022-02-19,pm386.fATTACK,Deoxys,639,,,(A),,
386,2022-02-22,pm386.fDEFENSE,Deoxys,640,,,(D),,
386,2022-02-25,pm386.fSPEED,Deoxys,641,,,(S),,
387,2019-09-14,pm387,Turtwig,642,,,,,
387,2019-09-14,pm388,Turtwig,645,,,,,
387,2019-09-14,pm389,Turtwig,646,,,,,
387,2021-11-16,pm387.cGEMS_1_2021_NOEVOLVE,Turtwig_21gems,643,costume,,,,
387,2021-11-16,pm387.cGEMS_2_2021_NOEVOLVE,Turtwig_21gems,644,costume,,,,
390,2019-11-15,pm390,Chimchar,647,,,,,
390,2019-11-15,pm391,Chimchar,650,,,,,
390,2019-11-15,pm392,Chimchar,651,,,,,
390,2021-11-16,pm390.cGEMS_1_2021_NOEVOLVE,Chimchar_21gems,648,costume,,,,
390,2021-11-16,pm390.cGEMS_2_2021_NOEVOLVE,Chimchar_21gems,649,costume,,,,
393,2020-01-18,pm393,Piplup,652,,,,,
393,2020-01-18,pm394,Piplup,656,,,,,
393,2020-01-18,pm395,Piplup,657,,,,,
393,2021-10-15,pm393.cHALLOWEEN_2021_NOEVOLVE,Piplup_21Ha,653,costume,,,,
393,2021-11-16,pm393.cGEMS_1_2021_NOEVOLVE,Piplup_21gems,654,costume,,,,
393,2021-11-16,pm393.cGEMS_2_2021_NOEVOLVE,Piplup_21gems,655,costume,,,,
396,2022-07-17,pm396,Starly,658,,,,,
396,2022-07-17,pm397,Starly,659,,,,--t: -5%,
396,2022-07-17,pm398,Starly,660,,,,--t: -5%,
399,2021-06-25,pm399,Bidoof,661,,,,,
399,2021-06-25,pm400,Bidoof,662,,,,,
401,2020-10-02,pm401,Kricketot,663,,,,,
401,2020-10-02,pm402,Kricketot,664,,,,,
403,2018-10-16,pm403,Shinx,665,,,,,
403,2018-10-16,pm404,Shinx,667,,,,,
403,2018-10-16,pm405,Shinx,668,,,,,
403,2018-10-16,pm403.cFALL_2020_NOEVOLVE,Shinx_c20,666,costume,,,,
408,2021-07-23,pm408,Cranidos,671,,,,,
408,2021-07-23,pm409,Cranidos,672,,,,,
410,2021-07-23,pm410,Shieldon,673,,,,,
410,2021-07-23,pm411,Shieldon,674,,,,,
412,2019-12-05,pm412.fBURMY_PLANT,Burmy,675,,,(🌿),--t: -5%,
412,2019-12-05,pm412.fBURMY_SANDY,Burmy,676,,,(🏖️),--t: -5%,
412,2019-12-05,pm412.fBURMY_TRASH,Burmy,677,,,(🗑️),--t: -5%,
412,2019-12-05,pm413.fWORMADAM_PLANT,Burmy,678,,,(🌿),--t: -10%,
412,2019-12-05,pm413.fWORMADAM_SANDY,Burmy,679,,,(🏖️),--t: -10%,
412,2019-12-05,pm413.fWORMADAM_TRASH,Burmy,680,,,(🗑️),--t: -10%,
412,2019-12-05,pm414,Burmy,681,,,,--t: -15%; --l: -20%,
415,2022-07-22,pm415,Combee,682,,,(♂),--t: -5%,
415,2022-07-22,pm415.g2,Combee,683,,,(♀),--t: -5%,
415,2022-07-22,pm416,Combee,684,,,,--t: -10%,
417,2024-02-19,pm417,Pachirisu,685,,,,,
418,2021-01-12,pm418,Buizel,686,,,,,
418,2021-01-12,pm419,Buizel,687,,,,,
420,2022-04-20,pm420,Cherubi,688,,,,,
420,2022-04-20,pm421.fOVERCAST,Cherubi,689,,,(☁️),,
420,2022-04-20,pm421.fSUNNY,Cherubi,690,,,(☀️),,
422,2023-08-27,pm422.fEAST_SEA,Shellos_East,691,,,(E 🌊),,
422,2023-08-27,pm423.fEAST_SEA,Shellos_East,693,,,(E 🌊),,
422,2023-08-27,pm422.fWEST_SEA,Shellos_West,692,,,(W 🌊),,
422,2023-08-27,pm423.fWEST_SEA,Shellos_West,694,,,(W 🌊),,
425,2018-10-23,pm425,Drifloon,696,,,,--t: -20%,
425,2018-10-23,pm426,Drifloon,697,,,,--t: -20%,
425,2021-10-15,pm426.cHALLOWEEN_2021_NOEVOLVE,Drifloon_c21,698,costume,,,--t: -20%,
427,2019-04-16,pm427,Buneary,699,,,,,
427,2019-04-16,pm428,Buneary,700,,,,,
427,2019-04-16,pm427.cAPRIL_2020_NOEVOLVE,Buneary_c20,703,costume,-1,,,
427,2021-04-04,pm428.fMEGA,Buneary,702,,,(M),,
427,2022-04-12,pm428.cAPRIL_2020_NOEVOLVE,Buneary_c20,701,costume,,,,
431,2020-05-22,pm431,Glameow,706,,,,,
431,2020-05-22,pm432,Glameow,707,,,,,
434,2024-02-24,pm434,Stunky,709,,,,,
434,2024-02-24,pm435,Stunky,710,,,,,
436,2019-05-21,pm436,Bronzor,711,,,,,
436,2019-05-21,pm437,Bronzor,712,,,,--w: 100%; --t: 0%; --l: 5%,
441,2024-02-19,pm441,Chatot,717,,,,,
442,2020-10-24,pm442,Spiritomb,718,,,,--w: 100%; --t: 0%; --l: 5%,
443,2019-12-17,pm443,Gible,719,,,,,
443,2019-12-17,pm444,Gible,720,,,,,
443,2019-12-17,pm445,Gible,721,,,,--w: 100%; --t: 0%; --l: 5%,
443,2023-11-11,pm445.fMEGA,Gible,1268,,,(M),--w: 100%; --t: 0%; --l: 5%,
447,2020-02-06,pm447,Riolu,723,baby,-1,,,
447,2020-02-06,pm448,Riolu,724,,,,,
447,2024-07-27,pm448.fMEGA,Riolu,1269,,,(M),,
449,2020-02-07,pm449,Hippowdon,725,,,(♂),,
449,2020-02-07,pm450,Hippowdon,726,,,(♂),,
449,2020-02-07,pm449.g2,Hippowdon_01,727,,,(♀),,
449,2020-02-07,pm450.g2,Hippowdon_01,728,,,(♀),,
451,2020-03-05,pm451,Skorupi,729,,,,,
451,2020-03-05,pm452,Skorupi,730,,,,,
453,2020-03-31,pm453,Croagunk,731,,,,,
453,2020-03-31,pm454,Croagunk,732,,,,,
453,2020-03-31,pm453.cFALL_2020_NOEVOLVE,Croagunk_c20,733,costume,,,,
453,2022-09-27,pm454.cFALL_2020_NOEVOLVE,Croagunk_c20,734,costume,,,,
455,2024-02-19,pm455,Carnivine,735,,,,--t: 0%,
456,2022-01-21,pm456,Finneon,736,,,,--t: -15%,
456,2022-01-21,pm457,Finneon,737,,,,--t: -15%,
459,2019-12-24,pm459,Snover,739,,,,,
459,2019-12-24,pm460,Snover,740,,,,,
459,2019-12-24,pm460.fMEGA,Snover,741,,,(M),--w: 95%; --t: 10%; --l: 5%,
479,2024-02-17,pm479,Rotom,770,,,,,
480,2021-09-14,pm480,Uxie,771,,,,,
481,2021-09-14,pm481,Mesprit,772,,,,,
482,2021-09-14,pm482,Azelf,773,,,,,
483,2021-07-23,pm483,Dialga,774,,,,--w: 100%; --t: 5%; --l: 5%,
483,2024-02-17,pm483.fORIGIN,Dialga,1272,,,(O),--w: 100%; --t: 0%; --l: 5%,
484,2021-08-06,pm484,Palkia,775,,,,--w: 100%; --t: 5%; --l: 5%,
484,2024-02-17,pm484.fORIGIN,Palkia,1273,,,(O),--w: 100%; --t: 0%; --l: 5%,
485,2020-01-07,pm485,Heatran,776,,,,,
486,2021-06-17,pm486,Regigigas,777,,,,,
487,2019-09-23,pm487.fALTERED,Giratina,779,,,(A),,
487,2020-10-09,pm487.fORIGIN,Giratina,778,,,(O),--t: -20%,
488,2019-05-27,pm488,Cresselia,780,,,,--t: -20%,
489,,pm489,Phione,781,,,,,
490,,pm490,Manaphy,782,,,,,
491,2020-03-06,pm491,Darkrai,783,,,,,
492,2024-02-24,pm492.fSKY,Shaymin,1274,,,(☁️),,
492,2024-02-24,pm492.fLAND,Shaymin,1275,,,(🌍),,
493,,pm493,Arceus,785,,,,,
494,,pm494,Victini,786,,,,,
495,2021-01-04,pm495,Snivy,787,,,,,
495,2021-01-04,pm496,Snivy,788,,,,,
495,2021-01-04,pm497,Snivy,789,,,,,
498,2021-07-03,pm498,Tepig,790,,,,,
498,2021-07-03,pm499,Tepig,791,,,,,
498,2021-07-03,pm500,Tepig,792,,,,,
501,2021-09-19,pm501,Oshawott,793,,,,,
501,2021-09-19,pm502,Oshawott,794,,,,,
501,2021-09-19,pm503,Oshawott,795,,,,,
503,2023-12-03,pm503.fHISUIAN,Samurott_H,1276,,,(H),,
504,2019-09-16,pm504,Patrat,796,,,,,
504,2019-09-16,pm505,Patrat,797,,,,,
506,2019-09-16,pm506,Lillipup,798,,,,,
506,2019-09-16,pm507,Lillipup,799,,,,,
506,2019-09-16,pm508,Lillipup,800,,,,,
509,2022-11-24,pm509,Purrloin,801,,,,,
509,2022-11-24,pm510,Purrloin,802,,,,,
511,2022-08-05,pm511,Pansage,803,,,,,
511,2022-08-05,pm512,Pansage,804,,,,,
513,2022-07-01,pm513,Pansear,805,,,,,
513,2022-07-01,pm514,Pansear,806,,,,,
515,2022-07-22,pm515,Panpour,807,,,,,
515,2022-07-22,pm516,Panpour,808,,,,,
517,2022-08-27,pm517,Munna,809,,,,--t: -20%,
517,2022-08-27,pm518,Munna,810,,,,--t: -20%,
519,2020-07-02,pm519,Pidove,811,,,,,
519,2020-07-02,pm520,Pidove,812,,,,--t: -20%,
519,2020-07-02,pm521,Pidove,813,,,(♂),,
519,2020-07-02,pm521.g2,Pidove,814,,,(♀),,
522,2021-09-21,pm522.cFASHION_2021_NOEVOLVE,Blitzle_c21,817,costume,,,,
522,2021-09-28,pm522,Blitzle,815,,,,,
522,2021-09-28,pm523,Blitzle,816,,,,,
524,2020-08-14,pm524,Roggenrola,818,,,,,
524,2020-08-14,pm525,Roggenrola,819,,,,,
524,2020-08-14,pm526,Roggenrola,820,,,,,
527,2020-07-24,pm527,Woobat,821,,,,--t: -20%,
527,2020-07-24,pm528,Woobat,822,,,,--t: -20%,
529,2023-04-20,pm529,Drilbur,823,,,,,
529,2023-04-20,pm530,Drilbur,824,,,,,
531,2021-07-17,pm531,Audino,825,,,,,
531,2025-04-05,pm531.fMEGA,Audino,1380,,,(M),,
532,2020-03-13,pm532,Timburr,826,,,,,
532,2020-03-13,pm533,Timburr,827,,,,,
532,2020-03-13,pm534,Timburr,828,,,,,
535,2021-07-17,pm535,Tympole,829,,,,,
535,2021-07-17,pm536,Tympole,830,,,,,
535,2021-07-17,pm537,Tympole,831,,,,,
538,2021-07-17,pm538,Throh,832,,,,,
539,2021-07-17,pm539,Sawk,833,,,,,
540,2024-10-05,pm540,Sewaddle,1381,,,,,
540,2024-10-05,pm541,Sewaddle,1382,,,,,
540,2024-10-05,pm542,Sewaddle,1383,,,,,
543,2022-08-10,pm543,Venipede,837,,,,,
543,2022-08-10,pm544,Venipede,838,,,,--t: -20%,
543,2022-08-10,pm545,Venipede,839,,,,,
546,2022-03-22,pm546,Cottonee,840,,,,,
546,2022-03-22,pm547,Cottonee,841,,,,,
546,2024-03-21,pm546.cSPRING_2024,Cottonee_F,1278,costume,,,,
546,2024-03-21,pm547.cSPRING_2024,Cottonee_F,1277,costume,,,,
548,2023-08-04,pm548,Petilil,842,,,,,
548,2023-08-04,pm549,Petilil,843,,,,,
548,2025-07-12,pm549.fHISUIAN,Petilil_H,1384,,,(H),,
550,2024-02-24,pm550.fWHITE_STRIPED,Basculin,1279,,,(⚪),--t: -10%,
550,2024-12-03,pm550.fRED_STRIPED,Basculin,1385,,,(🔴),--t: -10%,
550,2024-12-03,pm550.fBLUE_STRIPED,Basculin,1386,,,(🔵),--t: -10%,
551,2024-03-27,pm551,Sandile,845,,,,,
551,2024-03-27,pm552,Sandile,846,,,,,
551,2024-03-27,pm553,Sandile,847,,,,,
554,2021-07-06,pm554,Darumaka,848,,,,,
554,2021-07-06,pm555.fSTANDARD,Darumaka,849,,,,,
554,2021-12-23,pm554.fGALARIAN,Darumaka_G,850,,,(G),,
554,2021-12-23,pm555.fGALARIAN_STANDARD,Darumaka_G,851,,,(G),,
556,2025-02-21,pm556,Maractus,1387,,,,,
557,2020-06-25,pm557,Dwebble,853,,,,,
557,2020-06-25,pm558,Dwebble,854,,,,,
559,2023-08-11,pm559,Scraggy,855,,,,,
559,2023-08-11,pm560,Scraggy,856,,,,,
561,2025-02-21,pm561,Sigilyph,1388,,,,--t: 0%,
562,2019-10-17,pm562,Yamask,858,,,,,
562,2019-10-17,pm563,Yamask,860,,,,,
562,2022-10-20,pm562.fGALARIAN,Yamask_G,859,,,(G),,
562,2022-10-20,pm867,Yamask_G,1175,,,,,
564,2022-06-07,pm564,Tirtouga,861,,,,,
564,2022-06-07,pm565,Tirtouga,862,,,,,
566,2022-06-07,pm566,Archen,863,,,,,
566,2022-06-07,pm567,Archen,864,,,,,
568,2021-04-20,pm568,Trubbish,865,,,,,
568,2021-04-20,pm569,Trubbish,866,,,,,
568,2025-11-01,pm569.fGIGANTAMAX,Trubbish,1537,,,(GM),,
570,2023-10-26,pm570,Zorua,867,,,,,
570,2023-10-26,pm571,Zorua,868,,,,,
572,2020-02-02,pm572,Minccino,869,,,,,
572,2020-02-02,pm573,Minccino,870,,,,,
572,2025-01-10,pm572.cFASHION_2025,Minccino_c25,1389,costume,,,,
572,2025-01-10,pm573.cFASHION_2025,Minccino_c25,1390,costume,,,,
574,2023-11-15,pm574,Gothita,871,,,,,
574,2023-11-15,pm575,Gothita,872,,,,,
574,2023-11-15,pm576,Gothita,873,,,,,
577,2023-09-20,pm577,Solosis,874,,,,,
577,2023-09-20,pm578,Solosis,875,,,,,
577,2023-09-20,pm579,Solosis,876,,,,,
580,2024-07-05,pm580,Ducklett,877,,,,,
580,2024-07-05,pm581,Ducklett,878,,,,,
582,2023-12-25,pm582,Vanillite,879,,,,,
582,2023-12-25,pm583,Vanillite,880,,,,,
582,2023-12-25,pm584,Vanillite,881,,,,,
585,2025-02-21,pm585.fSPRING,Deerling,1391,,,(🌸),,
585,2025-02-21,pm585.fSUMMER,Deerling,1392,,,(☀️),,
585,2025-02-21,pm585.fAUTUMN,Deerling,1393,,,(🍁),,
585,2025-02-21,pm585.fWINTER,Deerling,1394,,,(❄️),,
585,2025-02-21,pm586.fSPRING,Deerling,1395,,,(🌸),,
585,2025-02-21,pm586.fSUMMER,Deerling,1396,,,(☀️),,
585,2025-02-21,pm586.fAUTUMN,Deerling,1397,,,(🍁),,
585,2025-02-21,pm586.fWINTER,Deerling,1398,,,(❄️),,
587,2024-05-30,pm587,Emolga,884,,,,,
588,2022-06-04,pm588,Karrablast,885,,,,,
588,2022-06-04,pm589,Karrablast,886,,,,,
590,2022-07-01,pm590,Foongus,887,,,,,
590,2022-07-01,pm591,Foongus,888,,,,,
592,2023-02-08,pm592,Frillish,889,,,(♂),--t: -10%,
592,2023-02-08,pm593,Frillish,890,,,(♂),--w: 100%; --t: 10%; --l: 5%,
592,2023-02-08,pm592.fFEMALE,Frillish,891,,,(♀),--t: -10%,
592,2023-02-08,pm593.fFEMALE,Frillish,892,,,(♀),--w: 100%; --t: 5%; --l: 5%,
594,2021-02-14,pm594,Alomomola,893,,,,--t: -10%,
595,2023-08-27,pm595,Joltik,894,,,,,
595,2023-08-27,pm596,Joltik,895,,,,,
597,2020-11-07,pm597,Ferroseed,896,,,,,
597,2020-11-07,pm598,Ferroseed,897,,,,,
599,2019-09-16,pm599,Klink,898,,,,--t: -20%,
599,2019-09-16,pm600,Klink,899,,,,--t: -20%,
599,2019-09-16,pm601,Klink,900,,,,--t: -20%,
602,2024-07-21,pm602,Tynamo,901,,,,,
602,2024-07-21,pm603,Tynamo,902,,,,,
602,2024-07-21,pm604,Tynamo,903,,,,,
605,2022-09-06,pm605,Elgyem,904,,,,,
605,2022-09-06,pm606,Elgyem,905,,,,,
607,2022-10-15,pm607,Litwick,906,,,,,
607,2022-10-15,pm608,Litwick,907,,,,--t: -20%,
607,2022-10-15,pm609,Litwick,908,,,,--t: -20%,
610,2022-06-04,pm610,Axew,909,,,,,
610,2022-06-04,pm611,Axew,910,,,,,
610,2022-06-04,pm612,Axew,911,,,,,
613,2020-12-18,pm613,Cubchoo,912,,,,,
613,2020-12-18,pm614,Cubchoo,913,,,,--w: 100%; --t: 5%; --l: 5%,
613,2020-12-18,pm613.fWINTER_2020,Cubchoo_c20,914,costume,,,,
613,2022-12-23,pm614.fWINTER_2020,Cubchoo_c20,915,costume,,,--w: 100%; --t: 5%; --l: 5%,
615,2023-12-09,pm615,Cryogonal,916,,,,--t: -20%,
616,2022-06-04,pm616,Shelmet,917,,,,,
616,2022-06-04,pm617,Shelmet,918,,,,,
618,2021-08-20,pm618.fGALARIAN,Stunfisk_G,920,,,(G),,
618,2023-04-23,pm618,Stunfisk,919,,,,,
619,2024-08-16,pm619,Meinfoo,921,,,,,
619,2024-08-16,pm620,Meinfoo,922,,,,,
621,2021-12-07,pm621,Druddigon,923,,,,,
622,2023-08-18,pm622,Golett,924,,,,,
622,2023-08-18,pm623,Golett,925,,,,--w: 100%; --t: 5%; --l: 5%,
624,2022-11-14,pm624,Pawniard,926,,,,,
624,2022-11-14,pm625,Pawniard,927,,,,,
624,2025-05-10,pm983,Pawniard,1484,,,,,
626,2025-02-21,pm626,Bouffalant,1399,,,,,
627,2020-12-13,pm627,Rufflet,929,,,,,
627,2020-12-13,pm628,Rufflet,930,,,,--t: -10%,
627,2022-07-31,pm628.fHISUIAN,Rufflet_H,931,,,(H),--t: -20%,
629,2021-11-09,pm629,Vullaby,932,,,,,
629,2021-11-09,pm630,Vullaby,933,,,,--t: 0%,
631,2020-07-25,pm631,Heatmor,934,,,,,
632,2020-07-25,pm632,Durant,935,,,,,
633,2020-08-01,pm633,Deino,936,,,,,
633,2020-08-01,pm634,Deino,937,,,,,
633,2020-08-01,pm635,Deino,938,,,,--t: -20%,
636,2024-06-21,pm636,Larvesta,939,,,,,
636,2024-06-21,pm637,Larvesta,940,,,,--t: -20%,
638,2020-05-18,pm638,Cobalion,941,,,,--w: 120%; --t: -10%,
639,2020-05-19,pm639,Terrakion,942,,,,--w: 120%; --t: -10%,
640,2020-05-13,pm640,Virizion,943,,,,--w: 120%; --t: -10%,
641,2021-03-06,pm641.fINCARNATE,Tornadus,944,,,(I),--w: 120%; --t: -10%,
641,2022-03-14,pm641.fTHERIAN,Tornadus,945,,,(T),--w: 120%; --t: -10%,
642,2021-03-11,pm642.fINCARNATE,Thundurus,946,,,(I),--w: 120%; --t: -10%,
642,2022-04-05,pm642.fTHERIAN,Thundurus,947,,,(T),--w: 120%; --t: -10%,
643,2021-12-01,pm643,Reshiram,948,,,,--w: 120%; --t: -10%,
644,2021-12-01,pm644,Zekrom,949,,,,--w: 120%; --t: -10%,
645,2021-03-01,pm645.fINCARNATE,Landorus,950,,,(I),--w: 120%; --t: -10%,
645,2022-04-26,pm645.fTHERIAN,Landorus,951,,,(T),--w: 120%; --t: -10%,
646,2021-12-16,pm646.fNORMAL,Kyurem,952,,,,--w: 120%; --t: -10%,
646,2025-02-21,pm646.fWHITE,Kyurem,1400,,,,--w: 120%; --t: -10%,
646,2025-02-21,pm646.fBLACK,Kyurem,1401,,,,--w: 120%; --t: -10%,
647,2025-11-25,pm647.fORDINARY,Keldeo,953,,,(O),,
647,2025-11-25,pm647.fRESOLUTE,Keldeo,1509,,,(R),,
648,2025-02-21,pm648.fARIA,Meloetta,1402,,,,,
649,2020-08-15,pm649.fNORMAL,Genesect,955,,,,--w: 120%; --t: -10%,
649,2023-05-02,pm649.fSHOCK,Genesect,956,,,(⚡),--w: 120%; --t: -10%,
649,2023-09-16,pm649.fBURN,Genesect,1280,,,(🔥),--w: 120%; --t: -10%,
649,2023-11-03,pm649.fDOUSE,Genesect,1282,,,(💧),--w: 120%; --t: -10%,
649,2024-12-03,pm649.fCHILL,Genesect,1281,,,(❄️),--w: 120%; --t: -10%,
650,2023-01-07,pm650,Chespin,957,,,,,
650,2023-01-07,pm651,Chespin,958,,,,,
650,2023-01-07,pm652,Chespin,959,,,,,
653,2023-05-21,pm653,Fennekin,960,,,,,
653,2023-05-21,pm654,Fennekin,961,,,,,
653,2023-05-21,pm655,Fennekin,962,,,,,
656,2023-08-13,pm656,Froakie,963,,,,,
656,2023-08-13,pm657,Froakie,964,,,,,
656,2023-08-13,pm658,Froakie,965,,,,,
656,2024-10-22,pm656.cFALL_2024,Froakie_c24,1404,costume,,,,
656,2024-10-22,pm657.cFALL_2024,Froakie_c24,1405,costume,,,,
656,2024-10-22,pm658.cFALL_2024,Froakie_c24,1406,costume,,,,
659,2021-04-04,pm659,Bunnelby,966,,,,,
659,2021-04-04,pm660,Bunnelby,967,,,,,
661,2021-03-06,pm661,Fletchling,968,,,,,
661,2021-03-06,pm662,Fletchling,969,,,,--t: 0%,
661,2021-03-06,pm663,Fletchling,970,,,,--t: 5%,
664,2025-02-18,pm664,Scatterbug,1407,,,,,
664,2025-02-18,pm665,Scatterbug,1408,,,,,
666,2025-02-18,pm666.fARCHIPELAGO,Vivillon,1409,,,"
(Archipelago)",--t: -5%,
666,2025-02-18,pm666.fCONTINENTAL,Vivillon,1410,,,"
(Continental)",--t: -5%,
666,2025-02-18,pm666.fELEGANT,Vivillon,1411,,,"
(Elegant)",--t: -5%,
666,2025-02-18,pm666.fICY_SNOW,Vivillon,1412,,,"
(Icy Snow)",--t: -5%,
666,2025-02-18,pm666.fGARDEN,Vivillon,1413,,,"
(Garden)",--t: -5%,
666,2025-02-18,pm666.fHIGH_PLAINS,Vivillon,1414,,,"
(High Plains)",--t: -5%,
666,2025-02-18,pm666.fJUNGLE,Vivillon,1415,,,"
(Jungle)",--t: -5%,
666,2025-02-18,pm666.fMARINE,Vivillon,1416,,,"
(Marine)",--t: -5%,
666,2025-02-18,pm666.fMEADOW,Vivillon,1417,,,"
(Meadow)",--t: -5%,
666,2025-02-18,pm666.fMODERN,Vivillon,1418,,,"
(Modern)",--t: -5%,
666,2025-02-18,pm666.fMONSOON,Vivillon,1419,,,"
(Monsoon)",--t: -5%,
666,2025-02-18,pm666.fOCEAN,Vivillon,1420,,,"
(Ocean)",--t: -5%,
666,2025-02-18,pm666.fPOLAR,Vivillon,1421,,,"
(Polar)",--t: -5%,
666,2025-02-18,pm666.fRIVER,Vivillon,1422,,,"
(River)",--t: -5%,
666,2025-02-18,pm666.fSANDSTORM,Vivillon,1423,,,"
(Sandstorm)",--t: -5%,
666,2025-02-18,pm666.fSAVANNA,Vivillon,1424,,,"
(Savanna)",--t: -5%,
666,2025-02-18,pm666.fSUN,Vivillon,1425,,,"
(Sun)",--t: -5%,
666,2025-02-18,pm666.fTUNDRA,Vivillon,1426,,,"
(Tundra)",--t: -5%,
667,2022-02-01,pm667,Litleo,974,,,,,
667,2022-02-01,pm668,Litleo,975,,,(♂),--w: 120%; --t: -10%,
667,2022-02-01,pm668.fFEMALE,Litleo,976,,,(♀),--w: 120%; --t: -10%,
669,2024-03-21,pm669.fWHITE,Flabebe,1283,,,(⚪),,
669,2024-03-21,pm669.fORANGE,Flabebe,1284,,,(🟠),,
669,2024-03-21,pm669.fYELLOW,Flabebe,1285,,,(🟡),,
669,2024-03-21,pm669.fRED,Flabebe,1286,,,(🔴),,
669,2024-03-21,pm669.fBLUE,Flabebe,1287,,,(🔵),,
670,2024-03-21,pm670.fWHITE,Floette,1288,,,(⚪),--t: -20%,
670,2024-03-21,pm670.fORANGE,Floette,1289,,,(🟠),--t: -20%,
670,2024-03-21,pm670.fYELLOW,Floette,1290,,,(🟡),--t: -20%,
670,2024-03-21,pm670.fRED,Floette,1291,,,(🔴),--t: -20%,
670,2024-03-21,pm670.fBLUE,Floette,1292,,,(🔵),--t: -20%,
671,2024-03-21,pm671.fWHITE,Florges,1293,,,(⚪),--t: -10%,
671,2024-03-21,pm671.fORANGE,Florges,1294,,,(🟠),--t: -10%,
671,2024-03-21,pm671.fYELLOW,Florges,1295,,,(🟡),--t: -10%,
671,2024-03-21,pm671.fRED,Florges,1296,,,(🔴),--t: -10%,
671,2024-03-21,pm671.fBLUE,Florges,1297,,,(🔵),--t: -10%,
672,2023-10-07,pm672,Skiddo,980,,,,,
672,2023-10-07,pm673,Skiddo,981,,,,,
674,2023-06-16,pm674,Pancham,982,,,,,
674,2023-06-16,pm675,Pancham,983,,,,,
676,2022-09-27,pm676.fNATURAL,Furfrou,984,,,(Natural),,
676,2022-09-27,pm676.fDEBUTANTE,Furfrou,985,,,(Debutante),,
676,2022-09-27,pm676.fSTAR,Furfrou,986,,,(Star),,
676,2022-09-27,pm676.fDANDY,Furfrou,987,,,(Dandy),,
676,2022-09-27,pm676.fKABUKI,Furfrou,989,,,(Kabuki),,
676,2022-09-27,pm676.fMATRON,Furfrou,990,,,(Matron),,
676,2022-09-27,pm676.fDIAMOND,Furfrou,991,,,(Diamond),,
676,2022-09-27,pm676.fPHARAOH,Furfrou,992,,,(Pharaoh),,
676,2022-09-27,pm676.fLA_REINE,Furfrou,993,,,(La Reine),,
676,2023-02-08,pm676.fHEART,Furfrou,988,,,(Heart),,
677,2022-02-01,pm677,Espurr,994,,,,,
677,2022-02-01,pm678,Espurr,995,,,(♂),,
677,2022-02-01,pm678.fFEMALE,Espurr,996,,,(♀),,
679,2026-02-20,pm679,Honedge,997,,,,--t: -10%,
679,2026-02-20,pm680,Honedge,998,,,,--t: -15%,
679,2026-02-20,pm681.fSHIELD,Honedge,999,,,,,
682,2022-09-24,pm682,Spritzee,1000,,,,--t: -10%,
682,2022-09-24,pm683,Spritzee,1001,,,,,
684,2022-08-05,pm684,Swirlix,1002,,,,,
684,2022-08-05,pm685,Swirlix,1003,,,,,
686,2022-09-03,pm686,Inkay,1004,,,,--t: -10%,
686,2022-09-03,pm687,Inkay,1005,,,,,
686,2026-02-28,pm687.fMEGA,Inkay,1531,,,(M),,
688,2022-05-13,pm688,Binacle,1006,,,,,
688,2022-05-13,pm689,Binacle,1007,,,,,
690,2023-08-18,pm690,Skrelp,1008,,,,,
690,2023-08-18,pm691,Skrelp,1009,,,,,
692,2023-06-06,pm692,Clauncher,1010,,,,,
692,2023-06-06,pm693,Clauncher,1011,,,,--t: -10%,
694,2023-01-27,pm694,Helioptile,1012,,,,,
694,2023-01-27,pm695,Helioptile,1013,,,,,
696,2023-07-27,pm696,Tyrunt,1014,,,,,
696,2023-07-27,pm697,Tyrunt,1015,,,,,
698,2023-07-27,pm698,Amaura,1016,,,,,
698,2023-07-27,pm699,Amaura,1017,,,,,
701,2026-02-20,pm701,Hawlucha,1022,,,,,
702,2023-01-10,pm702,Dedenne,1023,,,,,
702,2024-12-17,pm702.cWINTER_2024,Dedenne_c,1427,costume,,,,
703,2025-05-29,pm703,Carbink,1428,,,,,
704,2023-08-27,pm704,Goomy,1025,,,,,
704,2023-08-27,pm705,Goomy,1026,,,,,
704,2023-08-27,pm706,Goomy,1027,,,,,
707,2026-02-20,pm707,Klefki,1028,,,,,
708,2023-10-19,pm708,Phantump,1029,,,,,
708,2023-10-19,pm709,Phantump,1030,,,,,
710,2022-10-27,pm710.fSMALL.cFALL_2022,Pumpkaboo_c22,1033,costume,,,--t: 0%,
710,2022-10-27,pm710.fAVERAGE.cFALL_2022,Pumpkaboo_c22,1034,costume,,,--t: -5%,
710,2022-10-27,pm710.fLARGE.cFALL_2022,Pumpkaboo_c22,1035,costume,,,--t: -10%,
710,2022-10-27,pm710.fSUPER.cFALL_2022,Pumpkaboo_c22,1036,costume,,,--t: -15%,
710,2022-10-27,pm711.fSMALL.cFALL_2022,Pumpkaboo_c22,1037,costume,,,,
710,2022-10-27,pm711.fAVERAGE.cFALL_2022,Pumpkaboo_c22,1038,costume,,,,
710,2022-10-27,pm711.fLARGE.cFALL_2022,Pumpkaboo_c22,1039,costume,,,,
710,2022-10-27,pm711.fSUPER.cFALL_2022,Pumpkaboo_c22,1040,costume,,,,
710,2023-08-04,pm710.fSMALL,Pumpkaboo,1301,,,,--t: 0%,
710,2023-08-04,pm710.fAVERAGE,Pumpkaboo,1302,,,,--t: -5%,
710,2023-08-04,pm710.fLARGE,Pumpkaboo,1303,,,,--t: -10%,
710,2023-08-04,pm710.fSUPER,Pumpkaboo,1304,,,,--t: -15%,
710,2023-08-04,pm711.fSMALL,Pumpkaboo,1305,,,,,
710,2023-08-04,pm711.fAVERAGE,Pumpkaboo,1306,,,,,
710,2023-08-04,pm711.fLARGE,Pumpkaboo,1307,,,,,
710,2023-08-04,pm711.fSUPER,Pumpkaboo,1308,,,,,
712,2022-12-23,pm712,Bergmite,1041,,,,,
712,2022-12-23,pm713,Bergmite,1042,,,,,
712,2022-12-23,pm713.fHISUIAN,Bergmite,1043,,,(H),,
714,2022-10-20,pm714,Noibat,1044,,,,--t: 0%,
714,2022-10-20,pm715,Noibat,1045,,,,--t: 0%,
714,2025-10-27,pm714.cHALLOWEEN_2025,Noibat_c25,1505,costume,,,--t: 0%,
714,2025-10-27,pm715.cHALLOWEEN_2025,Noibat_c25,1506,costume,,,--t: 0%,
716,2022-10-08,pm716,Xerneas,1046,,,,,
717,2022-09-27,pm717,Yveltal,1047,,,,,
718,,pm718,Zygarde,1048,,,,,
719,2026-02-28,pm719,Diancie,1528,,,,,
719,2026-02-28,pm719.fMEGA,Diancie,1529,,,(M),,
722,2024-01-06,pm722,Rowlet,1309,,,,,
722,2024-01-06,pm723,Rowlet,1310,,,,,
722,2024-01-06,pm724,Rowlet,1311,,,,,
722,2024-02-11,pm724.fHISUIAN,Rowlet_H,1312,,,(H),,
722,2024-10-22,pm722.cFALL_2024,Rowlet_c24,1429,costume,,,,
722,2024-10-22,pm723.cFALL_2024,Rowlet_c24,1430,costume,,,,
722,2024-10-22,pm724.cFALL_2024,Rowlet_c24,1431,costume,,,,
725,2024-03-16,pm725,Litten,1313,,,,,
725,2024-03-16,pm726,Litten,1314,,,,,
725,2024-03-16,pm727,Litten,1315,,,,,
728,2024-08-31,pm728,Popplio,1316,,,,,
728,2024-08-31,pm729,Popplio,1317,,,,,
728,2024-08-31,pm730,Popplio,1318,,,,,
731,2025-11-30,pm731,Pikipek,1510,,,,,
731,2025-11-30,pm732,Pikipek,1511,,,,,
731,2025-11-30,pm733,Pikipek,1512,,,,,
734,2022-03-01,pm734,Yungoos,1049,,,,,
734,2022-03-01,pm735,Yungoos,1050,,,,,
736,2023-09-23,pm736,Grubbin,1319,,,,,
736,2023-09-23,pm737,Grubbin,1320,,,,,
736,2023-09-23,pm738,Grubbin,1321,,,,--t: 0%,
737,2025-12-18,pm737.fWINTER_2025,Charjabug_c25,1514,costume,,,,
737,2025-12-18,pm738.fWINTER_2025,Charjabug_c25,1515,costume,,,--t: 0%,
739,2024-06-14,pm739,Crabrawler,1322,,,,,
739,2024-06-14,pm740,Crabrawler,1323,,,,,
741,2024-02-13,pm741.fBAILE,Oricorio,1324,,,,,
741,2024-02-13,pm741.fPAU,Oricorio,1325,,,,,
741,2024-02-13,pm741.fPOMPOM,Oricorio,1326,,,,,
741,2024-02-13,pm741.fSENSU,Oricorio,1327,,,,,
742,2024-01-13,pm742,Cutiefly,1328,,,,--t: 0%,
742,2024-01-13,pm743,Cutiefly,1329,,,,--t: 0%,
744,2022-03-01,pm744,Rockruff,1051,,,,,
744,2022-03-01,pm745.fMIDNIGHT,Rockruff,1053,,,(🌙),,
744,2022-03-01,pm745.fMIDDAY,Rockruff,1052,,,(☀️),,
744,2023-01-06,pm745.fDUSK,Rockruff,1330,,,🌓,,
747,2024-05-23,pm747,Mareanie,1331,,,,,
747,2024-05-23,pm748,Mareanie,1332,,,,,
749,2025-03-29,pm749,Mudbray,1432,,,,,
749,2025-03-29,pm750,Mudbray,1433,,,,,
751,2022-08-04,pm751,Dewpider,1054,,,,,
751,2022-08-04,pm752,Dewpider,1055,,,,,
753,2023-06-16,pm753,Fomantis,1056,,,,,
753,2023-06-16,pm754,Fomantis,1057,,,,,
755,2023-11-07,pm755,Morelull,1333,,,,,
755,2023-11-07,pm756,Morelull,1334,,,,,
757,2025-08-11,pm757,Salandit,1434,,,,,
757,2025-08-11,pm758,Salandit,1435,,,,,
759,2022-04-23,pm759,Stufful,1058,,,,,
759,2022-04-23,pm760,Stufful,1059,,,,--w: 110%; --t: 10%; --l: 5%,
760,2025-11-07,pm760.fWILDAREA_2025,Bewear_cape,1499,costume,,,--w: 100%; --t: 15%; --l: 5%,
761,2025-05-19,pm761,Bounsweet,1060,,,,,
761,2025-05-19,pm762,Bounsweet,1061,,,,,
761,2025-05-19,pm763,Bounsweet,1062,,,,,
764,,pm764,Comfey,1063,,,,,
765,2023-08-27,pm765,Oranguru,1064,,,,,
766,2024-09-22,pm766,Passimian,1065,,,,,
767,2024-04-04,pm767,Wimpod,1066,,,,,
767,2024-04-04,pm768,Wimpod,1067,,,,--w: 110%; --t: 0%; --l: 5%,
769,2024-12-17,pm769,Sandygast,1436,,,,,
769,2024-12-17,pm770,Sandygast,1437,,,,,
771,,pm771,Pyukumuku,1070,,,,,
772,,pm772,Type: Null,1071,,,,,
773,,pm773,Silvally,1072,,,,,
774,,pm774,Minior,1073,,,,,
775,2024-06-07,pm775,Komala,1074,,,,,
776,2023-06-29,pm776,Turtonator,1075,,,,,
777,2024-07-25,pm777,Togedemaru,1076,,,,,
778,,pm778,Mimikyu,1077,,,,,
779,2025-03-13,pm779,Bruxish,1438,,,,--t: -15%;--l: -10%,
780,2023-02-05,pm780,Drampa,1080,,,,,
781,2026-01-06,pm781,Dhelmise,1081,,,,--w: 110%; --t: 10%; --l: 5%,
782,2024-07-08,pm782,Jangmo-o,1082,,,,,
782,2024-07-08,pm783,Jangmo-o,1083,,,,,
782,2024-07-08,pm784,Jangmo-o,1084,,,,,
785,2023-01-26,pm785,Tapu,1085,,,,--t: -20%,
785,2023-02-08,pm786,Tapu,1086,,,,--t: -20%,
785,2023-04-17,pm787,Tapu,1087,,,,--t: -10%,
785,2023-05-11,pm788,Tapu,1088,,,,--t: -20%,
789,,pm789,Cosmog,1089,,,,,
790,,pm790,Cosmoem,1090,,,,,
791,,pm791,Solgaleo,1091,,,,,
792,,pm792,Lunala,1092,,,,,
793,2023-06-16,pm793,Nihilego,1093,,,,--t: -10%,
794,2024-07-05,pm794,Buzzwole,1094,,,,--t: 0%,
795,2024-06-14,pm795,Pheromosa,1095,,,,--t: 0%,
796,2024-05-30,pm796,Xurkitree,1096,,,,--t: 0%,
797,2024-04-04,pm797,Celesteela,1097,,,,,
798,2024-04-04,pm798,Kartana,1098,,,,,
799,2023-10-06,pm799,Guzzlord,1099,,,,,
800,2024-05-30,pm800,Necrozma,1100,,,,,
800,2024-05-30,pm800.fDAWN_WINGS,Necrozma,1335,,,(🌅🪽),,
800,2024-05-30,pm800.fDUSK_MANE,Necrozma,1336,,,(🌇🦁),,
801,,pm801,Magearna,1101,,,,,
802,,pm802,Marshadow,1104,,,,,
803,,pm803,Poipole,1105,,,,,
804,,pm804,Naganadel,1106,,,,,
805,2025-04-09,pm805,Stakataka,1439,,,,--w: 120%;--t: 5%,
806,2025-04-09,pm806,Blacephalon,1440,,,,--w: 120%;--t: 5%,
807,,pm807,Zeraora,1109,,,,,
808,2019-02-05,pm808,Meltan,1110,,,,,
808,2019-02-05,pm809,Meltan,1111,,,,,
810,2026-01-18,pm810,Grookey,1112,,,,,
810,2026-01-18,pm811,Grookey,1113,,,,,
810,2026-01-18,pm812,Grookey,1114,,,,,
813,2026-03-14,pm813,Scorbunny,1115,,,,,
813,2026-03-14,pm814,Scorbunny,1116,,,,,
813,2026-03-14,pm815,Scorbunny,1117,,,,,
816,,pm816,Sobble,1118,,,,,
817,,pm817,Drizzile,1119,,,,,
818,,pm818,Inteleon,1120,,,,,
819,2024-09-03,pm819,Skwovet,1121,,,,,
819,2024-09-03,pm820,Skwovet,1122,,,,,
821,2025-07-22,pm821,Rookidee,1441,,,,,
821,2025-07-22,pm822,Rookidee,1442,,,,--t: -20%,
821,2025-07-22,pm823,Rookidee,1443,,,,--w: 130%;--t: 5%,
824,,pm824,Blipbug,1126,,,,,
825,,pm825,Dottler,1127,,,,,
826,,pm826,Orbeetle,1128,,,,,
827,,pm827,Nickit,1129,,,,,
828,,pm828,Thievul,1130,,,,,
829,,pm829,Gossifleur,1131,,,,,
830,,pm830,Eldegoss,1132,,,,,
831,2024-09-03,pm831,Wooloo,1133,,,,,
831,2024-09-03,pm832,Wooloo,1134,,,,,
831,2024-12-22,pm831.cWINTER_2024,Wooloo_c24,1444,costume,,,,
831,2024-12-22,pm832.cWINTER_2024,Wooloo_c24,1445,costume,,,,
833,,pm833,Chewtle,1135,,,,,
834,,pm834,Drednaw,1136,,,,,
835,,pm835,Yamper,1137,,,,,
836,,pm836,Boltund,1138,,,,,
837,,pm837,Rolycoly,1139,,,,,
838,,pm838,Carkol,1140,,,,,
839,,pm839,Coalossal,1141,,,,,
840,,pm840,Applin,1142,,,,,
841,,pm841,Flapple,1143,,,,,
842,,pm842,Appletun,1144,,,,,
843,,pm843,Silicobra,1145,,,,,
844,,pm844,Sandaconda,1146,,,,,
845,,pm845,Cramorant,1147,,,,,
846,,pm846,Arrokuda,1148,,,,,
847,,pm847,Barraskewda,1149,,,,,
848,2024-11-16,pm848,Toxel,1446,baby,-1,,,
848,2024-11-16,pm849.fLOW_KEY,Toxel,1447,,,,,
848,2024-11-16,pm849.fAMPED,Toxel,1448,,,,,
848,2024-11-16,pm849.fGIGANTAMAX,Toxel,1449,,,(GM),--w: 115%; --t: -5%,
850,2026-03-17,pm850,Sizzlipede,1154,,,,,
850,2026-03-17,pm851,Sizzlipede,1155,,,,,
852,,pm852,Clobbopus,1156,,,,,
853,,pm853,Grapploct,1157,,,,,
854,2025-10-21,pm854.fANTIQUE,Sinistea_A,1507,,,(A),,
854,2025-10-21,pm855.fANTIQUE,Sinistea_A,1508,,,(A),,
854,2025-10-21,pm854.fPHONY,Sinistea_P,1158,,,(P),,
854,2025-10-21,pm855.fPHONY,Sinistea_P,1501,,,(P),,
856,2025-11-07,pm856,Hatenna,1164,,,,,
856,2025-11-07,pm857,Hatenna,1165,,,,,
856,2025-11-07,pm858,Hatenna,1166,,,,,
859,2025-11-07,pm859,Impidimp,1167,,,,,
859,2025-11-07,pm860,Impidimp,1168,,,,,
859,2025-11-07,pm861,Impidimp,1169,,,,,
861,2025-11-07,pm861.fGIGANTAMAX,Impidimp,1500,,,(GM),--w: 100%; --t: 15%; --l: 5%,
868,,pm868,Milcery,1176,,,,,
869,,pm869,Alcremie,1177,,,,,
870,2024-09-08,pm870,Falinks,1178,,,,,
870,2025-05-29,pm870.fGOFEST_2025_TRAIN_CONDUCTOR,Falinks,1451,costume,,,,
871,,pm871,Pincurchin,1179,,,,,
872,,pm872,Snom,1180,,,,,
873,,pm873,Frosmoth,1181,,,,,
874,,pm874,Stonjourner,1182,,,,,
875,,pm875,Eiscue,1183,,,,,
876,2025-09-16,pm876.fMALE,Indeedee,1184,,,(♂),,
876,2025-09-16,pm876.fFEMALE,Indeedee,1497,,,(♀),,
877,2025-11-18,pm877.fFULL_BELLY,Morpeko,1185,,,(F),,
878,,pm878,Cufant,1186,,,,,
879,,pm879,Copperajah,1187,,,,,
880,,pm880,Dracozolt,1188,,,,,
881,,pm881,Arctozolt,1189,,,,,
882,,pm882,Dracovish,1190,,,,,
883,,pm883,Arctovish,1191,,,,,
884,2025-09-30,pm884,Duraludon,1192,,,,--w: 100%; --t: 5%; --l: 5%,
885,,pm885,Dreepy,1193,,,,,
886,,pm886,Drakloak,1194,,,,,
887,,pm887,Dragapult,1195,,,,,
888,2024-09-26,pm888.fHERO,Zacian,1337,,,(🏅),--w: 100%; --t: 5%; --l: 5%,
888,2025-05-29,pm888.fCROWNED_SWORD,Zacian,1452,,,(👑⚔️),--w: 100%; --t: 5%; --l: 5%,
889,2024-09-26,pm889.fHERO,Zamazenta,1338,,,(🏅),--w: 100%; --t: 5%; --l: 5%,
889,2025-05-29,pm889.fCROWNED_SHIELD,Zamazenta,1453,,,(👑🛡️),--w: 100%; --t: 5%; --l: 5%,
890,,pm890,Eternatus,1198,,,,,
891,,pm891,Kubfu,1199,,,,,
892,,pm892,Urshifu,1200,,,,,
893,,pm893,Zarude,1201,,,,,
894,2024-11-27,pm894,Regieleki,1454,,,,,
895,2024-11-27,pm895,Regidrago,1455,,,,,
896,,pm896,Glastrier,1204,,,,,
897,,pm897,Spectrier,1205,,,,,
898,,pm898,Calyrex,1206,,,,,
899,2023-12-23,pm899,Wyrdeer,1208,,,,,
900,2023-05-06,pm900,Kleavor,1209,,,,,
902,,pm902,Basculegion,1211,,,,,
906,2025-01-05,pm906,Sprigatito,1456,,,,,
906,2025-01-05,pm907,Sprigatito,1457,,,,,
906,2025-01-05,pm908,Sprigatito,1459,,,,,
906,2025-04-16,pm907.cHORIZONS_2025_NOEVOLVE,Sprigatito_c25,1458,costume,,,,
909,2025-03-08,pm909,Fuecoco,1460,,,,,
909,2025-03-08,pm910,Fuecoco,1461,,,,,
909,2025-03-08,pm911,Fuecoco,1462,,,,,
912,2025-07-20,pm912,Quaxly,1463,,,,,
912,2025-07-20,pm913,Quaxly,1464,,,,,
912,2025-07-20,pm914,Quaxly,1465,,,,,
915,2023-09-05,pm915,Lechonk,1339,,,,,
915,2023-09-05,pm916,Lechonk,1340,,,(♂),,
915,2023-09-05,pm916.fFEMALE,Lechonk,1341,,,(♀),,
919,2025-02-05,pm919,Nymble,1466,,,,,
919,2025-02-05,pm920,Nymble,1467,,,,,
921,2025-05-11,pm921,Pawmi,1468,,,,,
921,2025-05-11,pm922,Pawmi,1469,,,,,
921,2025-05-11,pm923,Pawmi,1470,,,,,
924,2025-08-06,pm924,Tandemaus,1471,,,,,
924,2025-08-06,pm925.fFAMILY_OF_THREE,Tandemaus,1472,,,(3),,
924,2025-08-06,pm925.fFAMILY_OF_FOUR,Tandemaus,1473,,,(4),,
926,2026-01-20,pm926,Fidough,1519,,,,,
926,2026-01-20,pm927,Fidough,1520,,,,,
928,2024-11-07,pm928,Smoliv,1474,,,,,
928,2024-11-07,pm929,Smoliv,1475,,,,,
928,2024-11-07,pm930,Smoliv,1476,,,,,
935,2025-03-05,pm935,Charcadet,1477,,,,,
935,2025-03-05,pm936,Charcadet,1478,,,,,
935,2025-03-05,pm937,Charcadet,1479,,,,,
938,2026-01-13,pm938,Tadbulb,1517,,,,,
938,2026-01-13,pm939,Tadbulb,1518,,,,,
948,2026-04-14,pm948,Toedscool,1541,,,,,
948,2026-04-14,pm949,Toedscool,1542,,,,,
957,2025-11-07,pm957,Tinkatink,1534,,,,,
957,2025-11-07,pm958,Tinkatink,1535,,,,,
957,2025-11-07,pm959,Tinkatink,1536,,,,,
960,2025-07-29,pm960,Wiglett,1480,,,,,
960,2025-07-29,pm961,Wiglett,1481,,,,,
962,2023-09-10,pm962,Bombirdier,1342,,,,--t: -10%,
965,2026-04-30,pm965,Varoom,1545,,,,,
965,2026-04-30,pm966,Varoom,1546,,,,,
968,2026-04-28,pm968,Orthworm,1544,,,,,https://db.pokemongohub.net/images/pokemon-home-renders/Shiny/poke_capture_0968_000_mf_n_00000000_f_r.png
974,2024-12-22,pm974,Cetoddle,1482,,,,,
974,2024-12-22,pm975,Cetoddle,1483,,,,,
977,2025-08-25,pm977,Dondozo,1495,,,,--w: 100%; --t: 5%,
996,2025-05-29,pm996,Frigibax,1485,,,,,
996,2025-05-29,pm997,Frigibax,1486,,,,,
996,2025-05-29,pm998,Frigibax,1487,,,,,
999,2025-07-01,pm999.fCOIN_A1,Gimmighoul,1488,costume,,(9),,
999,2025-07-01,pm999,Gimmighoul,1490,,-1,,,
999,2025-07-01,pm1000,Gimmighoul,1491,,,,,https://github.com/user-attachments/assets/d8a8524c-0eab-429f-a797-c3cdad85d545